[{"Team #":"4593","Match #":1,"They Did Well":"Edit","They Struggled With":"Edit","They Cant Do":"Edit","Fouls":0,"Tech Fouls":20,"Inner Port":15,"Outer Port":7,"Lower Port":3,"Control Panel":2},{"Team #":"4593","Match #":2,"They Did Well":"Edit","They Struggled With":"Edit","They Cant Do":"Edit","Fouls":1,"Tech Fouls":0,"Inner Port":16,"Outer Port":17,"Lower Port":16,"Control Panel":2,"Disabled":true,"Assisted Climb":true,"Climb":true},{"Team #":"4593","Match #":3,"They Did Well":"Edit","They Struggled With":"Edit","They Cant Do":"Edit","Fouls":17,"Tech Fouls":17,"Inner Port":18,"Outer Port":10,"Lower Port":14,"Control Panel":2,"Climb":true,"Leveling Climb":true,"Trench Run":true},{"Team #":"5578","Match #":4,"They Did Well":"Edit","They Struggled With":"Edit","They Cant Do":"Edit","Fouls":8,"Tech Fouls":15,"Inner Port":17,"Outer Port":17,"Lower Port":16,"Control Panel":0,"Yellow Card":true,"Flipped Over":true},{"Team #":"5578","Match #":5,"They Did Well":"Edit","They Struggled With":"Edit","They Cant Do":"Edit","Fouls":9,"Tech Fouls":12,"Inner Port":18,"Outer Port":0,"Lower Port":1,"Control Panel":0},{"Team #":"4499","Match #":6,"They Did Well":"Edit","They Struggled With":"Edit","They Cant Do":"Edit","Fouls":2,"Tech Fouls":12,"Inner Port":3,"Outer Port":5,"Lower Port":3,"Control Panel":1,"Climb":true,"Center Climb":true},{"Team #":"4499","Match #":7,"They Did Well":"Edit","They Struggled With":"Edit","They Cant Do":"Edit","Fouls":11,"Tech Fouls":15,"Inner Port":12,"Outer Port":8,"Lower Port":7,"Control Panel":1},{"Team #":"4944","Match #":8,"They Did Well":"Edit","They Struggled With":"Edit","They Cant Do":"Edit","Fouls":19,"Tech Fouls":10,"Inner Port":14,"Outer Port":18,"Lower Port":5,"Control Panel":0},{"Team #":"4944","Match #":9,"They Did Well":"Edit","They Struggled With":"Edit","They Cant Do":"Edit","Fouls":7,"Tech Fouls":18,"Inner Port":6,"Outer Port":14,"Lower Port":13,"Control Panel":1,"Red Card":true},{"Team #":"2395","Match #":10,"They Did Well":"Edit","They Struggled With":"Edit","They Cant Do":"Edit","Fouls":9,"Tech Fouls":14,"Inner Port":3,"Outer Port":4,"Lower Port":3,"Control Panel":0},{"Team #":"2395","Match #":11,"They Did Well":"Edit","They Struggled With":"Edit","They Cant Do":"Edit","Fouls":20,"Tech Fouls":9,"Inner Port":12,"Outer Port":6,"Lower Port":8,"Control Panel":0},{"Team #":"662","Match #":12,"They Did Well":"Edit","They Struggled With":"Edit","They Cant Do":"Edit","Fouls":13,"Tech Fouls":2,"Inner Port":14,"Outer Port":3,"Lower Port":1,"Control Panel":0,"Flipped Over":true},{"Team #":"4388","Match #":13,"They Did Well":"Edit","They Struggled With":"Edit","They Cant Do":"Edit","Fouls":11,"Tech Fouls":3,"Inner Port":6,"Outer Port":6,"Lower Port":11,"Control Panel":2},{"Team #":"4418","Match #":14,"They Did Well":"Edit","They Struggled With":"Edit","They Cant Do":"Edit","Fouls":11,"Tech Fouls":10,"Inner Port":3,"Outer Port":6,"Lower Port":2,"Control Panel":0,"Trench Run":true,"Red Card":true},{"Team #":"2036","Match #":15,"They Did Well":"Edit","They Struggled With":"Edit","They Cant Do":"Edit","Fouls":15,"Tech Fouls":12,"Inner Port":20,"Outer Port":6,"Lower Port":7,"Control Panel":1,"Climb":true,"Leveling Climb":true},{"Team #":"3288","Match #":16,"They Did Well":"Edit","They Struggled With":"Edit","They Cant Do":"Edit","Fouls":1,"Tech Fouls":2,"Inner Port":11,"Outer Port":18,"Lower Port":19,"Control Panel":2},{"Team #":"4550","Match #":17,"They Did Well":"Edit","They Struggled With":"Edit","They Cant Do":"Edit","Fouls":16,"Tech Fouls":11,"Inner Port":18,"Outer Port":15,"Lower Port":12,"Control Panel":2},{"Team #":"7891","Match #":18,"They Did Well":"Edit","They Struggled With":"Edit","They Cant Do":"Edit","Fouls":0,"Tech Fouls":15,"Inner Port":13,"Outer Port":13,"Lower Port":11,"Control Panel":2,"Climb":true,"Center Climb":true},{"Team #":"1799","Match #":19,"They Did Well":"Edit","They Struggled With":"Edit","They Cant Do":"Edit","Fouls":18,"Tech Fouls":7,"Inner Port":13,"Outer Port":17,"Lower Port":14,"Control Panel":2,"Disabled":true},{"Team #":"1726","Match #":20,"They Did Well":"Edit","They Struggled With":"Edit","They Cant Do":"Edit","Fouls":6,"Tech Fouls":16,"Inner Port":7,"Outer Port":13,"Lower Port":14,"Control Panel":2,"Yellow Card":true},{"Team #":"2259","Match #":21,"They Did Well":"Edit","They Struggled With":"Edit","They Cant Do":"Edit","Fouls":17,"Tech Fouls":6,"Inner Port":11,"Outer Port":4,"Lower Port":4,"Control Panel":0},{"Team #":"5657","Match #":22,"They Did Well":"Edit","They Struggled With":"Edit","They Cant Do":"Edit","Fouls":11,"Tech Fouls":14,"Inner Port":3,"Outer Port":7,"Lower Port":15,"Control Panel":1,"Trench Run":true},{"Team #":"4593","Match #":23,"They Did Well":"Edit","They Struggled With":"Edit","They Cant Do":"Edit","Fouls":18,"Tech Fouls":16,"Inner Port":11,"Outer Port":14,"Lower Port":19,"Control Panel":2,"Flipped Over":true},{"Team #":"1332","Match #":24,"They Did Well":"Edit","They Struggled With":"Edit","They Cant Do":"Edit","Fouls":11,"Tech Fouls":5,"Inner Port":18,"Outer Port":1,"Lower Port":10,"Control Panel":2},{"Team #":"4593","Match #":25,"They Did Well":"Edit","They Struggled With":"Edit","They Cant Do":"Edit","Fouls":7,"Tech Fouls":0,"Inner Port":7,"Outer Port":1,"Lower Port":1,"Control Panel":1},{"Team #":"1619","Match #":26,"They Did Well":"Edit","They Struggled With":"Edit","They Cant Do":"Edit","Fouls":17,"Tech Fouls":6,"Inner Port":2,"Outer Port":6,"Lower Port":19,"Control Panel":0,"Assisted Climb":true,"Climb":true},{"Team #":"1726","Match #":27,"They Did Well":"Edit","They Struggled With":"Edit","They Cant Do":"Edit","Fouls":15,"Tech Fouls":13,"Inner Port":7,"Outer Port":1,"Lower Port":0,"Control Panel":2},{"Team #":"1977","Match #":28,"They Did Well":"Edit","They Struggled With":"Edit","They Cant Do":"Edit","Fouls":17,"Tech Fouls":10,"Inner Port":2,"Outer Port":9,"Lower Port":14,"Control Panel":1,"Disabled":true},{"Team #":"4388","Match #":29,"They Did Well":"Edit","They Struggled With":"Edit","They Cant Do":"Edit","Fouls":16,"Tech Fouls":8,"Inner Port":0,"Outer Port":14,"Lower Port":14,"Control Panel":0,"Climb":true,"Leveling Climb":true},{"Team #":"2240","Match #":30,"They Did Well":"Edit","They Struggled With":"Edit","They Cant Do":"Edit","Fouls":6,"Tech Fouls":13,"Inner Port":10,"Outer Port":13,"Lower Port":5,"Control Panel":0},{"Team #":"1799","Match #":31,"They Did Well":"Edit","They Struggled With":"Edit","They Cant Do":"Edit","Fouls":13,"Tech Fouls":17,"Inner Port":17,"Outer Port":13,"Lower Port":20,"Control Panel":1},{"Team #":"5657","Match #":32,"They Did Well":"Edit","They Struggled With":"Edit","They Cant Do":"Edit","Fouls":18,"Tech Fouls":9,"Inner Port":17,"Outer Port":17,"Lower Port":16,"Control Panel":0,"Trench Run":true},{"Team #":"1245","Match #":33,"They Did Well":"Edit","They Struggled With":"Edit","They Cant Do":"Edit","Fouls":11,"Tech Fouls":18,"Inner Port":10,"Outer Port":6,"Lower Port":18,"Control Panel":2},{"Team #":"2972","Match #":34,"They Did Well":"Edit","They Struggled With":"Edit","They Cant Do":"Edit","Fouls":13,"Tech Fouls":0,"Inner Port":4,"Outer Port":8,"Lower Port":5,"Control Panel":2,"Red Card":true},{"Team #":"4293","Match #":35,"They Did Well":"Edit","They Struggled With":"Edit","They Cant Do":"Edit","Fouls":12,"Tech Fouls":17,"Inner Port":17,"Outer Port":13,"Lower Port":19,"Control Panel":0},{"Team #":"4068","Match #":36,"They Did Well":"Edit","They Struggled With":"Edit","They Cant Do":"Edit","Fouls":19,"Tech Fouls":19,"Inner Port":8,"Outer Port":20,"Lower Port":15,"Control Panel":2},{"Team #":"2259","Match #":37,"They Did Well":"Edit","They Struggled With":"Edit","They Cant Do":"Edit","Fouls":4,"Tech Fouls":18,"Inner Port":19,"Outer Port":14,"Lower Port":3,"Control Panel":1,"Flipped Over":true},{"Team #":"3172","Match #":38,"They Did Well":"Edit","They Struggled With":"Edit","They Cant Do":"Edit","Fouls":19,"Tech Fouls":13,"Inner Port":18,"Outer Port":6,"Lower Port":11,"Control Panel":0,"Climb":true},{"Team #":"4418","Match #":39,"They Did Well":"Edit","They Struggled With":"Edit","They Cant Do":"Edit","Fouls":17,"Tech Fouls":6,"Inner Port":6,"Outer Port":14,"Lower Port":2,"Control Panel":2},{"Team #":"1303","Match #":40,"They Did Well":"Edit","They Struggled With":"Edit","They Cant Do":"Edit","Fouls":10,"Tech Fouls":10,"Inner Port":16,"Outer Port":18,"Lower Port":10,"Control Panel":1,"Disabled":true},{"Team #":"1157","Match #":41,"They Did Well":"Edit","They Struggled With":"Edit","They Cant Do":"Edit","Fouls":20,"Tech Fouls":19,"Inner Port":18,"Outer Port":5,"Lower Port":10,"Control Panel":1},{"Team #":"3288","Match #":42,"They Did Well":"Edit","They Struggled With":"Edit","They Cant Do":"Edit","Fouls":0,"Tech Fouls":3,"Inner Port":9,"Outer Port":3,"Lower Port":12,"Control Panel":2},{"Team #":"3374","Match #":43,"They Did Well":"Edit","They Struggled With":"Edit","They Cant Do":"Edit","Fouls":6,"Tech Fouls":13,"Inner Port":17,"Outer Port":18,"Lower Port":7,"Control Panel":0,"Climb":true},{"Team #":"4499","Match #":44,"They Did Well":"Edit","They Struggled With":"Edit","They Cant Do":"Edit","Fouls":6,"Tech Fouls":13,"Inner Port":15,"Outer Port":5,"Lower Port":2,"Control Panel":1},{"Team #":"5657","Match #":45,"They Did Well":"Edit","They Struggled With":"Edit","They Cant Do":"Edit","Fouls":17,"Tech Fouls":5,"Inner Port":1,"Outer Port":4,"Lower Port":10,"Control Panel":0,"Assisted Climb":true,"Climb":true,"Red Card":true},{"Team #":"2996","Match #":46,"They Did Well":"Edit","They Struggled With":"Edit","They Cant Do":"Edit","Fouls":5,"Tech Fouls":11,"Inner Port":0,"Outer Port":15,"Lower Port":9,"Control Panel":0},{"Team #":"159","Match #":47,"They Did Well":"Edit","They Struggled With":"Edit","They Cant Do":"Edit","Fouls":10,"Tech Fouls":3,"Inner Port":8,"Outer Port":17,"Lower Port":5,"Control Panel":1,"Flipped Over":true},{"Team #":"2341","Match #":48,"They Did Well":"Edit","They Struggled With":"Edit","They Cant Do":"Edit","Fouls":0,"Tech Fouls":14,"Inner Port":11,"Outer Port":4,"Lower Port":7,"Control Panel":2,"Climb":true,"Leveling Climb":true},{"Team #":"3729","Match #":49,"They Did Well":"Edit","They Struggled With":"Edit","They Cant Do":"Edit","Fouls":16,"Tech Fouls":14,"Inner Port":11,"Outer Port":20,"Lower Port":19,"Control Panel":2,"Disabled":true,"Yellow Card":true},{"Team #":"7243","Match #":50,"They Did Well":"Edit","They Struggled With":"Edit","They Cant Do":"Edit","Fouls":3,"Tech Fouls":19,"Inner Port":7,"Outer Port":3,"Lower Port":11,"Control Panel":1},{"Team #":"2972","Match #":51,"They Did Well":"Edit","They Struggled With":"Edit","They Cant Do":"Edit","Fouls":13,"Tech Fouls":1,"Inner Port":10,"Outer Port":19,"Lower Port":11,"Control Panel":9,"Trench Run":true},{"Team #":"7537","Match #":52,"They Did Well":"Edit","They Struggled With":"Edit","They Cant Do":"Edit","Fouls":15,"Tech Fouls":4,"Inner Port":1,"Outer Port":5,"Lower Port":18,"Control Panel":2},{"Team #":"5493","Match #":53,"They Did Well":"Edit","They Struggled With":"Edit","They Cant Do":"Edit","Fouls":5,"Tech Fouls":6,"Inner Port":3,"Outer Port":5,"Lower Port":7,"Control Panel":1},{"Team #":"1332","Match #":54,"They Did Well":"Edit","They Struggled With":"Edit","They Cant Do":"Edit","Fouls":8,"Tech Fouls":5,"Inner Port":4,"Outer Port":10,"Lower Port":1,"Control Panel":1,"Flipped Over":true},{"Team #":"1977","Match #":55,"They Did Well":"Edit","They Struggled With":"Edit","They Cant Do":"Edit","Fouls":16,"Tech Fouls":5,"Inner Port":13,"Outer Port":4,"Lower Port":20,"Control Panel":0,"Climb":true,"Center Climb":true},{"Team #":"1157","Match #":56,"They Did Well":"Edit","They Struggled With":"Edit","They Cant Do":"Edit","Fouls":17,"Tech Fouls":5,"Inner Port":3,"Outer Port":17,"Lower Port":19,"Control Panel":0},{"Team #":"7479","Match #":57,"They Did Well":"Edit","They Struggled With":"Edit","They Cant Do":"Edit","Fouls":3,"Tech Fouls":16,"Inner Port":0,"Outer Port":6,"Lower Port":4,"Control Panel":1},{"Team #":"2083","Match #":58,"They Did Well":"Edit","They Struggled With":"Edit","They Cant Do":"Edit","Fouls":13,"Tech Fouls":19,"Inner Port":6,"Outer Port":10,"Lower Port":3,"Control Panel":0,"Disabled":true},{"Team #":"1245","Match #":59,"They Did Well":"Edit","They Struggled With":"Edit","They Cant Do":"Edit","Fouls":3,"Tech Fouls":16,"Inner Port":5,"Outer Port":13,"Lower Port":5,"Control Panel":2},{"Team #":"624","Match #":60,"They Did Well":"Edit","They Struggled With":"Edit","They Cant Do":"Edit","Fouls":6,"Tech Fouls":17,"Inner Port":12,"Outer Port":6,"Lower Port":11,"Control Panel":1},{"Team #":"7737","Match #":61,"They Did Well":"Edit","They Struggled With":"Edit","They Cant Do":"Edit","Fouls":1,"Tech Fouls":15,"Inner Port":7,"Outer Port":12,"Lower Port":13,"Control Panel":0,"Climb":true,"Leveling Climb":true},{"Team #":"5578","Match #":62,"They Did Well":"Edit","They Struggled With":"Edit","They Cant Do":"Edit","Fouls":1,"Tech Fouls":16,"Inner Port":17,"Outer Port":9,"Lower Port":9,"Control Panel":2},{"Team #":"3172","Match #":63,"They Did Well":"Edit","They Struggled With":"Edit","They Cant Do":"Edit","Fouls":1,"Tech Fouls":18,"Inner Port":18,"Outer Port":2,"Lower Port":3,"Control Panel":0,"Assisted Climb":true,"Climb":true},{"Team #":"5763","Match #":64,"They Did Well":"Edit","They Struggled With":"Edit","They Cant Do":"Edit","Fouls":1,"Tech Fouls":14,"Inner Port":17,"Outer Port":20,"Lower Port":16,"Control Panel":1,"Red Card":true},{"Team #":"2996","Match #":65,"They Did Well":"Edit","They Struggled With":"Edit","They Cant Do":"Edit","Fouls":0,"Tech Fouls":2,"Inner Port":3,"Outer Port":4,"Lower Port":4,"Control Panel":0},{"Team #":"7891","Match #":66,"They Did Well":"Edit","They Struggled With":"Edit","They Cant Do":"Edit","Fouls":14,"Tech Fouls":9,"Inner Port":18,"Outer Port":17,"Lower Port":17,"Control Panel":0,"Yellow Card":true},{"Team #":"4550","Match #":67,"They Did Well":"Edit","They Struggled With":"Edit","They Cant Do":"Edit","Fouls":1,"Tech Fouls":17,"Inner Port":4,"Outer Port":7,"Lower Port":18,"Control Panel":1},{"Team #":"2395","Match #":68,"They Did Well":"Edit","They Struggled With":"Edit","They Cant Do":"Edit","Fouls":11,"Tech Fouls":19,"Inner Port":8,"Outer Port":3,"Lower Port":14,"Control Panel":2},{"Team #":"1977","Match #":69,"They Did Well":"Edit","They Struggled With":"Edit","They Cant Do":"Edit","Fouls":18,"Tech Fouls":14,"Inner Port":0,"Outer Port":1,"Lower Port":1,"Control Panel":0,"Climb":true,"Center Climb":true},{"Team #":"2036","Match #":70,"They Did Well":"Edit","They Struggled With":"Edit","They Cant Do":"Edit","Fouls":17,"Tech Fouls":16,"Inner Port":7,"Outer Port":6,"Lower Port":1,"Control Panel":0,"Flipped Over":true},{"Team #":"3648","Match #":71,"They Did Well":"Edit","They Struggled With":"Edit","They Cant Do":"Edit","Fouls":11,"Tech Fouls":2,"Inner Port":0,"Outer Port":17,"Lower Port":17,"Control Panel":2},{"Team #":"4418","Match #":72,"They Did Well":"Edit","They Struggled With":"Edit","They Cant Do":"Edit","Fouls":7,"Tech Fouls":11,"Inner Port":10,"Outer Port":6,"Lower Port":10,"Control Panel":0},{"Team #":"1410","Match #":73,"They Did Well":"Edit","They Struggled With":"Edit","They Cant Do":"Edit","Fouls":12,"Tech Fouls":19,"Inner Port":14,"Outer Port":11,"Lower Port":18,"Control Panel":1,"Trench Run":true},{"Team #":"4386","Match #":74,"They Did Well":"Edit","They Struggled With":"Edit","They Cant Do":"Edit","Fouls":12,"Tech Fouls":7,"Inner Port":9,"Outer Port":11,"Lower Port":8,"Control Panel":1,"Disabled":true},{"Team #":"1799","Match #":75,"They Did Well":"Edit","They Struggled With":"Edit","They Cant Do":"Edit","Fouls":17,"Tech Fouls":2,"Inner Port":2,"Outer Port":4,"Lower Port":1,"Control Panel":2},{"Team #":"1303","Match #":76,"They Did Well":"Edit","They Struggled With":"Edit","They Cant Do":"Edit","Fouls":9,"Tech Fouls":14,"Inner Port":20,"Outer Port":20,"Lower Port":20,"Control Panel":1,"Climb":true,"Leveling Climb":true},{"Team #":"4499","Match #":77,"They Did Well":"Edit","They Struggled With":"Edit","They Cant Do":"Edit","Fouls":1,"Tech Fouls":13,"Inner Port":9,"Outer Port":10,"Lower Port":7,"Control Panel":0},{"Team #":"7485","Match #":78,"They Did Well":"Edit","They Struggled With":"Edit","They Cant Do":"Edit","Fouls":5,"Tech Fouls":11,"Inner Port":19,"Outer Port":8,"Lower Port":19,"Control Panel":1},{"Team #":"662","Match #":79,"They Did Well":"Edit","They Struggled With":"Edit","They Cant Do":"Edit","Fouls":2,"Tech Fouls":13,"Inner Port":14,"Outer Port":3,"Lower Port":5,"Control Panel":2},{"Team #":"2341","Match #":80,"They Did Well":"Edit","They Struggled With":"Edit","They Cant Do":"Edit","Fouls":1,"Tech Fouls":3,"Inner Port":12,"Outer Port":8,"Lower Port":3,"Control Panel":0},{"Team #":"4550","Match #":81,"They Did Well":"Edit","They Struggled With":"Edit","They Cant Do":"Edit","Fouls":12,"Tech Fouls":20,"Inner Port":14,"Outer Port":13,"Lower Port":15,"Control Panel":1,"Assisted Climb":true,"Climb":true},{"Team #":"2261","Match #":82,"They Did Well":"Edit","They Struggled With":"Edit","They Cant Do":"Edit","Fouls":3,"Tech Fouls":11,"Inner Port":1,"Outer Port":14,"Lower Port":17,"Control Panel":1},{"Team #":"7891","Match #":83,"They Did Well":"Edit","They Struggled With":"Edit","They Cant Do":"Edit","Fouls":19,"Tech Fouls":17,"Inner Port":18,"Outer Port":11,"Lower Port":10,"Control Panel":2},{"Team #":"662","Match #":84,"They Did Well":"Edit","They Struggled With":"Edit","They Cant Do":"Edit","Fouls":15,"Tech Fouls":20,"Inner Port":3,"Outer Port":15,"Lower Port":13,"Control Panel":0,"Flipped Over":true},{"Team #":"2083","Match #":85,"They Did Well":"Edit","They Struggled With":"Edit","They Cant Do":"Edit","Fouls":13,"Tech Fouls":0,"Inner Port":12,"Outer Port":8,"Lower Port":1,"Control Panel":1},{"Team #":"1584","Match #":86,"They Did Well":"Edit","They Struggled With":"Edit","They Cant Do":"Edit","Fouls":14,"Tech Fouls":7,"Inner Port":2,"Outer Port":19,"Lower Port":7,"Control Panel":2},{"Team #":"5493","Match #":87,"They Did Well":"Edit","They Struggled With":"Edit","They Cant Do":"Edit","Fouls":2,"Tech Fouls":8,"Inner Port":18,"Outer Port":15,"Lower Port":14,"Control Panel":0,"Red Card":true},{"Team #":"1332","Match #":88,"They Did Well":"Edit","They Struggled With":"Edit","They Cant Do":"Edit","Fouls":15,"Tech Fouls":5,"Inner Port":20,"Outer Port":8,"Lower Port":5,"Control Panel":1,"Trench Run":true},{"Team #":"4068","Match #":89,"They Did Well":"Edit","They Struggled With":"Edit","They Cant Do":"Edit","Fouls":9,"Tech Fouls":12,"Inner Port":5,"Outer Port":7,"Lower Port":5,"Control Panel":1},{"Team #":"2395","Match #":90,"They Did Well":"Edit","They Struggled With":"Edit","They Cant Do":"Edit","Fouls":20,"Tech Fouls":13,"Inner Port":11,"Outer Port":5,"Lower Port":9,"Control Panel":1,"Climb":true,"Leveling Climb":true},{"Team #":"2261","Match #":91,"They Did Well":"Edit","They Struggled With":"Edit","They Cant Do":"Edit","Fouls":2,"Tech Fouls":9,"Inner Port":11,"Outer Port":14,"Lower Port":11,"Control Panel":2},{"Team #":"2259","Match #":92,"They Did Well":"Edit","They Struggled With":"Edit","They Cant Do":"Edit","Fouls":2,"Tech Fouls":12,"Inner Port":13,"Outer Port":13,"Lower Port":12,"Control Panel":1,"Disabled":true},{"Team #":"3807","Match #":93,"They Did Well":"Edit","They Struggled With":"Edit","They Cant Do":"Edit","Fouls":16,"Tech Fouls":1,"Inner Port":15,"Outer Port":13,"Lower Port":11,"Control Panel":0},{"Team #":"2240","Match #":94,"They Did Well":"Edit","They Struggled With":"Edit","They Cant Do":"Edit","Fouls":7,"Tech Fouls":9,"Inner Port":15,"Outer Port":17,"Lower Port":13,"Control Panel":1},{"Team #":"1584","Match #":95,"They Did Well":"Edit","They Struggled With":"Edit","They Cant Do":"Edit","Fouls":2,"Tech Fouls":7,"Inner Port":11,"Outer Port":6,"Lower Port":18,"Control Panel":1},{"Team #":"3288","Match #":96,"They Did Well":"Edit","They Struggled With":"Edit","They Cant Do":"Edit","Fouls":3,"Tech Fouls":6,"Inner Port":11,"Outer Port":8,"Lower Port":2,"Control Panel":2,"Climb":true,"Center Climb":true},{"Team #":"3200","Match #":97,"They Did Well":"Edit","They Struggled With":"Edit","They Cant Do":"Edit","Fouls":19,"Tech Fouls":12,"Inner Port":11,"Outer Port":13,"Lower Port":11,"Control Panel":0,"Red Card":true},{"Team #":"2036","Match #":98,"They Did Well":"Edit","They Struggled With":"Edit","They Cant Do":"Edit","Fouls":2,"Tech Fouls":13,"Inner Port":12,"Outer Port":20,"Lower Port":7,"Control Panel":1,"Trench Run":true,"Yellow Card":true},{"Team #":"7479","Match #":99,"They Did Well":"Edit","They Struggled With":"Edit","They Cant Do":"Edit","Fouls":15,"Tech Fouls":0,"Inner Port":19,"Outer Port":14,"Lower Port":20,"Control Panel":1},{"Team #":"1332","Match #":100,"They Did Well":"Edit","They Struggled With":"Edit","They Cant Do":"Edit","Fouls":3,"Tech Fouls":19,"Inner Port":15,"Outer Port":6,"Lower Port":12,"Control Panel":2,"Assisted Climb":true,"Climb":true,"Flipped Over":true},{"Team #":"4499","Match #":101,"They Did Well":"Edit","They Struggled With":"Edit","They Cant Do":"Edit","Fouls":8,"Tech Fouls":2,"Inner Port":3,"Outer Port":13,"Lower Port":15,"Control Panel":0},{"Team #":"4499","Match #":102,"They Did Well":"Edit","They Struggled With":"Edit","They Cant Do":"Edit","Fouls":0,"Tech Fouls":0,"Inner Port":10,"Outer Port":14,"Lower Port":14,"Control Panel":2,"Climb":true,"Leveling Climb":true},{"Team #":"624","Match #":103,"They Did Well":"Edit","They Struggled With":"Edit","They Cant Do":"Edit","Fouls":0,"Tech Fouls":6,"Inner Port":16,"Outer Port":18,"Lower Port":15,"Control Panel":2,"Disabled":true,"Yellow Card":true},{"Team #":"624","Match #":104,"They Did Well":"Edit","They Struggled With":"Edit","They Cant Do":"Edit","Fouls":18,"Tech Fouls":13,"Inner Port":20,"Outer Port":20,"Lower Port":11,"Control Panel":1}]
