[{"Team #":"1410","Match #":1,"They Did Well":"Edit","They Struggled With":"Edit","They Cant Do":"Edit","Tech Fouls":20,"Inner Port":15,"Outer Port":7,"Lower Port":3,"Control Panel":2},{"Team #":"1410","Match #":2,"They Did Well":"Edit","They Struggled With":"Edit","They Cant Do":"Edit","Fouls":1,"Disabled":true,"Inner Port":16,"Outer Port":17,"Lower Port":16,"Assisted Climb":true,"Climb":true,"Control Panel":2},{"Team #":"1410","Match #":3,"They Did Well":"Edit","They Struggled With":"Edit","They Cant Do":"Edit","Fouls":17,"Tech Fouls":17,"Inner Port":18,"Outer Port":10,"Lower Port":14,"Leveling Climb":true,"Climb":true,"Trench Run":true,"Control Panel":2},{"Team #":"1410","Match #":4,"They Did Well":"Edit","They Struggled With":"Edit","They Cant Do":"Edit","Fouls":8,"Tech Fouls":15,"Yellow Card":true,"Flipped Over":true,"Inner Port":17,"Outer Port":17,"Lower Port":16},{"Team #":"1410","Match #":5,"They Did Well":"Edit","They Struggled With":"Edit","They Cant Do":"Edit","Fouls":9,"Tech Fouls":12,"Inner Port":18,"Lower Port":1},{"Team #":"2996","Match #":6,"They Did Well":"Edit","They Struggled With":"Edit","They Cant Do":"Edit","Fouls":2,"Tech Fouls":12,"Inner Port":3,"Outer Port":5,"Lower Port":3,"Center Climb":true,"Climb":true,"Control Panel":1},{"Team #":"2996","Match #":7,"They Did Well":"Edit","They Struggled With":"Edit","They Cant Do":"Edit","Fouls":11,"Tech Fouls":15,"Inner Port":12,"Outer Port":8,"Lower Port":7,"Control Panel":1},{"Team #":"4593","Match #":8,"They Did Well":"Edit","They Struggled With":"Edit","They Cant Do":"Edit","Fouls":19,"Tech Fouls":10,"Inner Port":14,"Outer Port":18,"Lower Port":5},{"Team #":"4593","Match #":9,"They Did Well":"Edit","They Struggled With":"Edit","They Cant Do":"Edit","Fouls":7,"Tech Fouls":18,"Red Card":true,"Inner Port":6,"Outer Port":14,"Lower Port":13,"Control Panel":1},{"Team #":"624","Match #":10,"They Did Well":"Edit","They Struggled With":"Edit","They Cant Do":"Edit","Fouls":9,"Tech Fouls":14,"Inner Port":3,"Outer Port":4,"Lower Port":3},{"Team #":"624","Match #":11,"They Did Well":"Edit","They Struggled With":"Edit","They Cant Do":"Edit","Fouls":20,"Tech Fouls":9,"Inner Port":12,"Outer Port":6,"Lower Port":8},{"Team #":"1584","Match #":12,"They Did Well":"Edit","They Struggled With":"Edit","They Cant Do":"Edit","Fouls":13,"Tech Fouls":2,"Flipped Over":true,"Inner Port":14,"Outer Port":3,"Lower Port":1},{"Team #":"7537","Match #":13,"They Did Well":"Edit","They Struggled With":"Edit","They Cant Do":"Edit","Fouls":11,"Tech Fouls":3,"Inner Port":6,"Outer Port":6,"Lower Port":11,"Control Panel":2},{"Team #":"5763","Match #":14,"They Did Well":"Edit","They Struggled With":"Edit","They Cant Do":"Edit","Fouls":11,"Tech Fouls":10,"Red Card":true,"Inner Port":3,"Outer Port":6,"Lower Port":2,"Trench Run":true},{"Team #":"5578","Match #":15,"They Did Well":"Edit","They Struggled With":"Edit","They Cant Do":"Edit","Fouls":15,"Tech Fouls":12,"Inner Port":20,"Outer Port":6,"Lower Port":7,"Leveling Climb":true,"Climb":true,"Control Panel":1},{"Team #":"3729","Match #":16,"They Did Well":"Edit","They Struggled With":"Edit","They Cant Do":"Edit","Fouls":1,"Tech Fouls":2,"Inner Port":11,"Outer Port":18,"Lower Port":19,"Control Panel":2},{"Team #":"7737","Match #":17,"They Did Well":"Edit","They Struggled With":"Edit","They Cant Do":"Edit","Fouls":16,"Tech Fouls":11,"Inner Port":18,"Outer Port":15,"Lower Port":12,"Control Panel":2},{"Team #":"1583","Match #":18,"They Did Well":"Edit","They Struggled With":"Edit","They Cant Do":"Edit","Tech Fouls":15,"Inner Port":13,"Outer Port":13,"Lower Port":11,"Center Climb":true,"Climb":true,"Control Panel":2},{"Team #":"3374","Match #":19,"They Did Well":"Edit","They Struggled With":"Edit","They Cant Do":"Edit","Fouls":18,"Tech Fouls":7,"Disabled":true,"Inner Port":13,"Outer Port":17,"Lower Port":14,"Control Panel":2},{"Team #":"3807","Match #":20,"They Did Well":"Edit","They Struggled With":"Edit","They Cant Do":"Edit","Fouls":6,"Tech Fouls":16,"Yellow Card":true,"Inner Port":7,"Outer Port":13,"Lower Port":14,"Control Panel":2},{"Team #":"3172","Match #":21,"They Did Well":"Edit","They Struggled With":"Edit","They Cant Do":"Edit","Fouls":17,"Tech Fouls":6,"Inner Port":11,"Outer Port":4,"Lower Port":4},{"Team #":"5493","Match #":22,"They Did Well":"Edit","They Struggled With":"Edit","They Cant Do":"Edit","Fouls":11,"Tech Fouls":14,"Inner Port":3,"Outer Port":7,"Lower Port":15,"Trench Run":true,"Control Panel":1},{"Team #":"7737","Match #":23,"They Did Well":"Edit","They Struggled With":"Edit","They Cant Do":"Edit","Fouls":18,"Tech Fouls":16,"Flipped Over":true,"Inner Port":11,"Outer Port":14,"Lower Port":19,"Control Panel":2},{"Team #":"4944","Match #":24,"They Did Well":"Edit","They Struggled With":"Edit","They Cant Do":"Edit","Fouls":11,"Tech Fouls":5,"Inner Port":18,"Outer Port":1,"Lower Port":10,"Control Panel":2},{"Team #":"1157","Match #":25,"They Did Well":"Edit","They Struggled With":"Edit","They Cant Do":"Edit","Fouls":7,"Inner Port":7,"Outer Port":1,"Lower Port":1,"Control Panel":1},{"Team #":"1410","Match #":26,"They Did Well":"Edit","They Struggled With":"Edit","They Cant Do":"Edit","Fouls":17,"Tech Fouls":6,"Inner Port":2,"Outer Port":6,"Lower Port":19,"Assisted Climb":true,"Climb":true},{"Team #":"4386","Match #":27,"They Did Well":"Edit","They Struggled With":"Edit","They Cant Do":"Edit","Fouls":15,"Tech Fouls":13,"Inner Port":7,"Outer Port":1,"Control Panel":2},{"Team #":"4293","Match #":28,"They Did Well":"Edit","They Struggled With":"Edit","They Cant Do":"Edit","Fouls":17,"Tech Fouls":10,"Disabled":true,"Inner Port":2,"Outer Port":9,"Lower Port":14,"Control Panel":1},{"Team #":"1583","Match #":29,"They Did Well":"Edit","They Struggled With":"Edit","They Cant Do":"Edit","Fouls":16,"Tech Fouls":8,"Outer Port":14,"Lower Port":14,"Leveling Climb":true,"Climb":true},{"Team #":"662","Match #":30,"They Did Well":"Edit","They Struggled With":"Edit","They Cant Do":"Edit","Fouls":6,"Tech Fouls":13,"Inner Port":10,"Outer Port":13,"Lower Port":5},{"Team #":"4944","Match #":31,"They Did Well":"Edit","They Struggled With":"Edit","They Cant Do":"Edit","Fouls":13,"Tech Fouls":17,"Inner Port":17,"Outer Port":13,"Lower Port":20,"Control Panel":1},{"Team #":"2261","Match #":32,"They Did Well":"Edit","They Struggled With":"Edit","They Cant Do":"Edit","Fouls":18,"Tech Fouls":9,"Inner Port":17,"Outer Port":17,"Lower Port":16,"Trench Run":true},{"Team #":"2945","Match #":33,"They Did Well":"Edit","They Struggled With":"Edit","They Cant Do":"Edit","Fouls":11,"Tech Fouls":18,"Inner Port":10,"Outer Port":6,"Lower Port":18,"Control Panel":2},{"Team #":"159","Match #":34,"They Did Well":"Edit","They Struggled With":"Edit","They Cant Do":"Edit","Fouls":13,"Red Card":true,"Inner Port":4,"Outer Port":8,"Lower Port":5,"Control Panel":2},{"Team #":"2395","Match #":35,"They Did Well":"Edit","They Struggled With":"Edit","They Cant Do":"Edit","Fouls":12,"Tech Fouls":17,"Inner Port":17,"Outer Port":13,"Lower Port":19},{"Team #":"2083","Match #":36,"They Did Well":"Edit","They Struggled With":"Edit","They Cant Do":"Edit","Fouls":19,"Tech Fouls":19,"Inner Port":8,"Outer Port":20,"Lower Port":15,"Control Panel":2},{"Team #":"6652","Match #":37,"They Did Well":"Edit","They Struggled With":"Edit","They Cant Do":"Edit","Fouls":4,"Tech Fouls":18,"Flipped Over":true,"Inner Port":19,"Outer Port":14,"Lower Port":3,"Control Panel":1},{"Team #":"4593","Match #":38,"They Did Well":"Edit","They Struggled With":"Edit","They Cant Do":"Edit","Fouls":19,"Tech Fouls":13,"Inner Port":18,"Outer Port":6,"Lower Port":11,"Climb":true},{"Team #":"3729","Match #":39,"They Did Well":"Edit","They Struggled With":"Edit","They Cant Do":"Edit","Fouls":17,"Tech Fouls":6,"Inner Port":6,"Outer Port":14,"Lower Port":2,"Control Panel":2},{"Team #":"7485","Match #":40,"They Did Well":"Edit","They Struggled With":"Edit","They Cant Do":"Edit","Fouls":10,"Tech Fouls":10,"Disabled":true,"Inner Port":16,"Outer Port":18,"Lower Port":10,"Control Panel":1},{"Team #":"2341","Match #":41,"They Did Well":"Edit","They Struggled With":"Edit","They Cant Do":"Edit","Fouls":20,"Tech Fouls":19,"Inner Port":18,"Outer Port":5,"Lower Port":10,"Control Panel":1},{"Team #":"2240","Match #":42,"They Did Well":"Edit","They Struggled With":"Edit","They Cant Do":"Edit","Tech Fouls":3,"Inner Port":9,"Outer Port":3,"Lower Port":12,"Control Panel":2},{"Team #":"4293","Match #":43,"They Did Well":"Edit","They Struggled With":"Edit","They Cant Do":"Edit","Fouls":6,"Tech Fouls":13,"Inner Port":17,"Outer Port":18,"Lower Port":7,"Climb":true},{"Team #":"1303","Match #":44,"They Did Well":"Edit","They Struggled With":"Edit","They Cant Do":"Edit","Fouls":6,"Tech Fouls":13,"Inner Port":15,"Outer Port":5,"Lower Port":2,"Control Panel":1},{"Team #":"5763","Match #":45,"They Did Well":"Edit","They Struggled With":"Edit","They Cant Do":"Edit","Fouls":17,"Tech Fouls":5,"Red Card":true,"Inner Port":1,"Outer Port":4,"Lower Port":10,"Assisted Climb":true,"Climb":true},{"Team #":"7485","Match #":46,"They Did Well":"Edit","They Struggled With":"Edit","They Cant Do":"Edit","Fouls":5,"Tech Fouls":11,"Outer Port":15,"Lower Port":9},{"Team #":"3648","Match #":47,"They Did Well":"Edit","They Struggled With":"Edit","They Cant Do":"Edit","Fouls":10,"Tech Fouls":3,"Flipped Over":true,"Inner Port":8,"Outer Port":17,"Lower Port":5,"Control Panel":1},{"Team #":"7537","Match #":48,"They Did Well":"Edit","They Struggled With":"Edit","They Cant Do":"Edit","Tech Fouls":14,"Inner Port":11,"Outer Port":4,"Lower Port":7,"Leveling Climb":true,"Climb":true,"Control Panel":2},{"Team #":"1339","Match #":49,"They Did Well":"Edit","They Struggled With":"Edit","They Cant Do":"Edit","Fouls":16,"Tech Fouls":14,"Yellow Card":true,"Disabled":true,"Inner Port":11,"Outer Port":20,"Lower Port":19,"Control Panel":2},{"Team #":"624","Match #":50,"They Did Well":"Edit","They Struggled With":"Edit","They Cant Do":"Edit","Fouls":3,"Tech Fouls":19,"Inner Port":7,"Outer Port":3,"Lower Port":11,"Control Panel":1},{"Team #":"3200","Match #":51,"They Did Well":"Edit","They Struggled With":"Edit","They Cant Do":"Edit","Fouls":13,"Tech Fouls":1,"Inner Port":10,"Outer Port":19,"Lower Port":11,"Trench Run":true,"Control Panel":9},{"Team #":"3807","Match #":52,"They Did Well":"Edit","They Struggled With":"Edit","They Cant Do":"Edit","Fouls":15,"Tech Fouls":4,"Inner Port":1,"Outer Port":5,"Lower Port":18,"Control Panel":2},{"Team #":"1619","Match #":53,"They Did Well":"Edit","They Struggled With":"Edit","They Cant Do":"Edit","Fouls":5,"Tech Fouls":6,"Inner Port":3,"Outer Port":5,"Lower Port":7,"Control Panel":1},{"Team #":"7243","Match #":54,"They Did Well":"Edit","They Struggled With":"Edit","They Cant Do":"Edit","Fouls":8,"Tech Fouls":5,"Flipped Over":true,"Inner Port":4,"Outer Port":10,"Lower Port":1,"Control Panel":1},{"Team #":"2945","Match #":55,"They Did Well":"Edit","They Struggled With":"Edit","They Cant Do":"Edit","Fouls":16,"Tech Fouls":5,"Inner Port":13,"Outer Port":4,"Lower Port":20,"Center Climb":true,"Climb":true},{"Team #":"1339","Match #":56,"They Did Well":"Edit","They Struggled With":"Edit","They Cant Do":"Edit","Fouls":17,"Tech Fouls":5,"Inner Port":3,"Outer Port":17,"Lower Port":19},{"Team #":"4293","Match #":57,"They Did Well":"Edit","They Struggled With":"Edit","They Cant Do":"Edit","Fouls":3,"Tech Fouls":16,"Outer Port":6,"Lower Port":4,"Control Panel":1},{"Team #":"4944","Match #":58,"They Did Well":"Edit","They Struggled With":"Edit","They Cant Do":"Edit","Fouls":13,"Tech Fouls":19,"Disabled":true,"Inner Port":6,"Outer Port":10,"Lower Port":3},{"Team #":"1339","Match #":59,"They Did Well":"Edit","They Struggled With":"Edit","They Cant Do":"Edit","Fouls":3,"Tech Fouls":16,"Inner Port":5,"Outer Port":13,"Lower Port":5,"Control Panel":2},{"Team #":"3158","Match #":60,"They Did Well":"Edit","They Struggled With":"Edit","They Cant Do":"Edit","Fouls":6,"Tech Fouls":17,"Inner Port":12,"Outer Port":6,"Lower Port":11,"Control Panel":1},{"Team #":"4068","Match #":61,"They Did Well":"Edit","They Struggled With":"Edit","They Cant Do":"Edit","Fouls":1,"Tech Fouls":15,"Inner Port":7,"Outer Port":12,"Lower Port":13,"Leveling Climb":true,"Climb":true},{"Team #":"1583","Match #":62,"They Did Well":"Edit","They Struggled With":"Edit","They Cant Do":"Edit","Fouls":1,"Tech Fouls":16,"Inner Port":17,"Outer Port":9,"Lower Port":9,"Control Panel":2},{"Team #":"5657","Match #":63,"They Did Well":"Edit","They Struggled With":"Edit","They Cant Do":"Edit","Fouls":1,"Tech Fouls":18,"Inner Port":18,"Outer Port":2,"Lower Port":3,"Assisted Climb":true,"Climb":true},{"Team #":"3648","Match #":64,"They Did Well":"Edit","They Struggled With":"Edit","They Cant Do":"Edit","Fouls":1,"Tech Fouls":14,"Red Card":true,"Inner Port":17,"Outer Port":20,"Lower Port":16,"Control Panel":1},{"Team #":"1726","Match #":65,"They Did Well":"Edit","They Struggled With":"Edit","They Cant Do":"Edit","Tech Fouls":2,"Inner Port":3,"Outer Port":4,"Lower Port":4},{"Team #":"4386","Match #":66,"They Did Well":"Edit","They Struggled With":"Edit","They Cant Do":"Edit","Fouls":14,"Tech Fouls":9,"Yellow Card":true,"Inner Port":18,"Outer Port":17,"Lower Port":17},{"Team #":"1799","Match #":67,"They Did Well":"Edit","They Struggled With":"Edit","They Cant Do":"Edit","Fouls":1,"Tech Fouls":17,"Inner Port":4,"Outer Port":7,"Lower Port":18,"Control Panel":1},{"Team #":"624","Match #":68,"They Did Well":"Edit","They Struggled With":"Edit","They Cant Do":"Edit","Fouls":11,"Tech Fouls":19,"Inner Port":8,"Outer Port":3,"Lower Port":14,"Control Panel":2},{"Team #":"1410","Match #":69,"They Did Well":"Edit","They Struggled With":"Edit","They Cant Do":"Edit","Fouls":18,"Tech Fouls":14,"Outer Port":1,"Lower Port":1,"Center Climb":true,"Climb":true},{"Team #":"1245","Match #":70,"They Did Well":"Edit","They Struggled With":"Edit","They Cant Do":"Edit","Fouls":17,"Tech Fouls":16,"Flipped Over":true,"Inner Port":7,"Outer Port":6,"Lower Port":1},{"Team #":"7485","Match #":71,"They Did Well":"Edit","They Struggled With":"Edit","They Cant Do":"Edit","Fouls":11,"Tech Fouls":2,"Outer Port":17,"Lower Port":17,"Control Panel":2},{"Team #":"2945","Match #":72,"They Did Well":"Edit","They Struggled With":"Edit","They Cant Do":"Edit","Fouls":7,"Tech Fouls":11,"Inner Port":10,"Outer Port":6,"Lower Port":10},{"Team #":"5763","Match #":73,"They Did Well":"Edit","They Struggled With":"Edit","They Cant Do":"Edit","Fouls":12,"Tech Fouls":19,"Inner Port":14,"Outer Port":11,"Lower Port":18,"Trench Run":true,"Control Panel":1},{"Team #":"4593","Match #":74,"They Did Well":"Edit","They Struggled With":"Edit","They Cant Do":"Edit","Fouls":12,"Tech Fouls":7,"Disabled":true,"Inner Port":9,"Outer Port":11,"Lower Port":8,"Control Panel":1},{"Team #":"1977","Match #":75,"They Did Well":"Edit","They Struggled With":"Edit","They Cant Do":"Edit","Fouls":17,"Tech Fouls":2,"Inner Port":2,"Outer Port":4,"Lower Port":1,"Control Panel":2},{"Team #":"2972","Match #":76,"They Did Well":"Edit","They Struggled With":"Edit","They Cant Do":"Edit","Fouls":9,"Tech Fouls":14,"Inner Port":20,"Outer Port":20,"Lower Port":20,"Leveling Climb":true,"Climb":true,"Control Panel":1},{"Team #":"4388","Match #":77,"They Did Well":"Edit","They Struggled With":"Edit","They Cant Do":"Edit","Fouls":1,"Tech Fouls":13,"Inner Port":9,"Outer Port":10,"Lower Port":7},{"Team #":"4499","Match #":78,"They Did Well":"Edit","They Struggled With":"Edit","They Cant Do":"Edit","Fouls":5,"Tech Fouls":11,"Inner Port":19,"Outer Port":8,"Lower Port":19,"Control Panel":1},{"Team #":"3158","Match #":79,"They Did Well":"Edit","They Struggled With":"Edit","They Cant Do":"Edit","Fouls":2,"Tech Fouls":13,"Inner Port":14,"Outer Port":3,"Lower Port":5,"Control Panel":2},{"Team #":"3200","Match #":80,"They Did Well":"Edit","They Struggled With":"Edit","They Cant Do":"Edit","Fouls":1,"Tech Fouls":3,"Inner Port":12,"Outer Port":8,"Lower Port":3},{"Team #":"2945","Match #":81,"They Did Well":"Edit","They Struggled With":"Edit","They Cant Do":"Edit","Fouls":12,"Tech Fouls":20,"Inner Port":14,"Outer Port":13,"Lower Port":15,"Assisted Climb":true,"Climb":true,"Control Panel":1},{"Team #":"1619","Match #":82,"They Did Well":"Edit","They Struggled With":"Edit","They Cant Do":"Edit","Fouls":3,"Tech Fouls":11,"Inner Port":1,"Outer Port":14,"Lower Port":17,"Control Panel":1},{"Team #":"3374","Match #":83,"They Did Well":"Edit","They Struggled With":"Edit","They Cant Do":"Edit","Fouls":19,"Tech Fouls":17,"Inner Port":18,"Outer Port":11,"Lower Port":10,"Control Panel":2},{"Team #":"1245","Match #":84,"They Did Well":"Edit","They Struggled With":"Edit","They Cant Do":"Edit","Fouls":15,"Tech Fouls":20,"Flipped Over":true,"Inner Port":3,"Outer Port":15,"Lower Port":13},{"Team #":"7537","Match #":85,"They Did Well":"Edit","They Struggled With":"Edit","They Cant Do":"Edit","Fouls":13,"Inner Port":12,"Outer Port":8,"Lower Port":1,"Control Panel":1},{"Team #":"6652","Match #":86,"They Did Well":"Edit","They Struggled With":"Edit","They Cant Do":"Edit","Fouls":14,"Tech Fouls":7,"Inner Port":2,"Outer Port":19,"Lower Port":7,"Control Panel":2},{"Team #":"2240","Match #":87,"They Did Well":"Edit","They Struggled With":"Edit","They Cant Do":"Edit","Fouls":2,"Tech Fouls":8,"Red Card":true,"Inner Port":18,"Outer Port":15,"Lower Port":14},{"Team #":"5578","Match #":88,"They Did Well":"Edit","They Struggled With":"Edit","They Cant Do":"Edit","Fouls":15,"Tech Fouls":5,"Inner Port":20,"Outer Port":8,"Lower Port":5,"Trench Run":true,"Control Panel":1},{"Team #":"7891","Match #":89,"They Did Well":"Edit","They Struggled With":"Edit","They Cant Do":"Edit","Fouls":9,"Tech Fouls":12,"Inner Port":5,"Outer Port":7,"Lower Port":5,"Control Panel":1},{"Team #":"7479","Match #":90,"They Did Well":"Edit","They Struggled With":"Edit","They Cant Do":"Edit","Fouls":20,"Tech Fouls":13,"Inner Port":11,"Outer Port":5,"Lower Port":9,"Leveling Climb":true,"Climb":true,"Control Panel":1},{"Team #":"6652","Match #":91,"They Did Well":"Edit","They Struggled With":"Edit","They Cant Do":"Edit","Fouls":2,"Tech Fouls":9,"Inner Port":11,"Outer Port":14,"Lower Port":11,"Control Panel":2},{"Team #":"2996","Match #":92,"They Did Well":"Edit","They Struggled With":"Edit","They Cant Do":"Edit","Fouls":2,"Tech Fouls":12,"Disabled":true,"Inner Port":13,"Outer Port":13,"Lower Port":12,"Control Panel":1},{"Team #":"2972","Match #":93,"They Did Well":"Edit","They Struggled With":"Edit","They Cant Do":"Edit","Fouls":16,"Tech Fouls":1,"Inner Port":15,"Outer Port":13,"Lower Port":11},{"Team #":"4499","Match #":94,"They Did Well":"Edit","They Struggled With":"Edit","They Cant Do":"Edit","Fouls":7,"Tech Fouls":9,"Inner Port":15,"Outer Port":17,"Lower Port":13,"Control Panel":1},{"Team #":"5493","Match #":95,"They Did Well":"Edit","They Struggled With":"Edit","They Cant Do":"Edit","Fouls":2,"Tech Fouls":7,"Inner Port":11,"Outer Port":6,"Lower Port":18,"Control Panel":1},{"Team #":"7243","Match #":96,"They Did Well":"Edit","They Struggled With":"Edit","They Cant Do":"Edit","Fouls":3,"Tech Fouls":6,"Inner Port":11,"Outer Port":8,"Lower Port":2,"Center Climb":true,"Climb":true,"Control Panel":2},{"Team #":"159","Match #":97,"They Did Well":"Edit","They Struggled With":"Edit","They Cant Do":"Edit","Fouls":19,"Tech Fouls":12,"Red Card":true,"Inner Port":11,"Outer Port":13,"Lower Port":11},{"Team #":"3172","Match #":98,"They Did Well":"Edit","They Struggled With":"Edit","They Cant Do":"Edit","Fouls":2,"Tech Fouls":13,"Yellow Card":true,"Inner Port":12,"Outer Port":20,"Lower Port":7,"Trench Run":true,"Control Panel":1},{"Team #":"4386","Match #":99,"They Did Well":"Edit","They Struggled With":"Edit","They Cant Do":"Edit","Fouls":15,"Inner Port":19,"Outer Port":14,"Lower Port":20,"Control Panel":1},{"Team #":"3158","Match #":100,"They Did Well":"Edit","They Struggled With":"Edit","They Cant Do":"Edit","Fouls":3,"Tech Fouls":19,"Flipped Over":true,"Inner Port":15,"Outer Port":6,"Lower Port":12,"Assisted Climb":true,"Climb":true,"Control Panel":2},{"Team #":"1410","Match #":101,"They Did Well":"Edit","They Struggled With":"Edit","They Cant Do":"Edit","Fouls":8,"Tech Fouls":2,"Inner Port":3,"Outer Port":13,"Lower Port":15},{"Team #":"1410","Match #":102,"They Did Well":"Edit","They Struggled With":"Edit","They Cant Do":"Edit","Inner Port":10,"Outer Port":14,"Lower Port":14,"Leveling Climb":true,"Climb":true,"Control Panel":2},{"Team #":"4593","Match #":103,"They Did Well":"Edit","They Struggled With":"Edit","They Cant Do":"Edit","Tech Fouls":6,"Yellow Card":true,"Disabled":true,"Inner Port":16,"Outer Port":18,"Lower Port":15,"Control Panel":2},{"Team #":"4593","Match #":104,"They Did Well":"Edit","They Struggled With":"Edit","They Cant Do":"Edit","Fouls":18,"Tech Fouls":13,"Inner Port":20,"Outer Port":20,"Lower Port":11,"Control Panel":1}]
