[
  {
    "actual_time": 1552058045, 
    "alliances": {
      "blue": {
        "dq_team_keys": [], 
        "score": 23, 
        "surrogate_team_keys": [], 
        "team_keys": [
          "frc31", 
          "frc6464", 
          "frc1410"
        ]
      }, 
      "red": {
        "dq_team_keys": [], 
        "score": 14, 
        "surrogate_team_keys": [], 
        "team_keys": [
          "frc2795", 
          "frc2773", 
          "frc7464"
        ]
      }
    }, 
    "comp_level": "qm", 
    "event_key": "2019okok", 
    "key": "2019okok_qm1", 
    "match_number": 1, 
    "predicted_time": 1552057981, 
    "set_number": 1, 
    "time": 1552057200, 
    "winning_alliance": "blue"
  }, 
  {
    "actual_time": 1552063037, 
    "alliances": {
      "blue": {
        "dq_team_keys": [], 
        "score": 22, 
        "surrogate_team_keys": [], 
        "team_keys": [
          "frc3465", 
          "frc5621", 
          "frc2398"
        ]
      }, 
      "red": {
        "dq_team_keys": [], 
        "score": 29, 
        "surrogate_team_keys": [], 
        "team_keys": [
          "frc3179", 
          "frc2373", 
          "frc7744"
        ]
      }
    }, 
    "comp_level": "qm", 
    "event_key": "2019okok", 
    "key": "2019okok_qm10", 
    "match_number": 10, 
    "predicted_time": 1552063140, 
    "set_number": 1, 
    "time": 1552062060, 
    "winning_alliance": "red"
  }, 
  {
    "actual_time": 1552063474, 
    "alliances": {
      "blue": {
        "dq_team_keys": [], 
        "score": 26, 
        "surrogate_team_keys": [], 
        "team_keys": [
          "frc3163", 
          "frc2395", 
          "frc6891"
        ]
      }, 
      "red": {
        "dq_team_keys": [], 
        "score": 39, 
        "surrogate_team_keys": [], 
        "team_keys": [
          "frc2424", 
          "frc4005", 
          "frc5550"
        ]
      }
    }, 
    "comp_level": "qm", 
    "event_key": "2019okok", 
    "key": "2019okok_qm11", 
    "match_number": 11, 
    "predicted_time": 1552063561, 
    "set_number": 1, 
    "time": 1552062600, 
    "winning_alliance": "red"
  }, 
  {
    "actual_time": 1552064079, 
    "alliances": {
      "blue": {
        "dq_team_keys": [], 
        "score": 60, 
        "surrogate_team_keys": [], 
        "team_keys": [
          "frc6900", 
          "frc4499", 
          "frc1619"
        ]
      }, 
      "red": {
        "dq_team_keys": [], 
        "score": 25, 
        "surrogate_team_keys": [], 
        "team_keys": [
          "frc2765", 
          "frc3160", 
          "frc6026"
        ]
      }
    }, 
    "comp_level": "qm", 
    "event_key": "2019okok", 
    "key": "2019okok_qm12", 
    "match_number": 12, 
    "predicted_time": 1552064101, 
    "set_number": 1, 
    "time": 1552063020, 
    "winning_alliance": "blue"
  }, 
  {
    "actual_time": 1552064665, 
    "alliances": {
      "blue": {
        "dq_team_keys": [], 
        "score": 44, 
        "surrogate_team_keys": [], 
        "team_keys": [
          "frc1209", 
          "frc5098", 
          "frc4523"
        ]
      }, 
      "red": {
        "dq_team_keys": [], 
        "score": 17, 
        "surrogate_team_keys": [], 
        "team_keys": [
          "frc2986", 
          "frc3593", 
          "frc3152"
        ]
      }
    }, 
    "comp_level": "qm", 
    "event_key": "2019okok", 
    "key": "2019okok_qm13", 
    "match_number": 13, 
    "predicted_time": 1552064587, 
    "set_number": 1, 
    "time": 1552063440, 
    "winning_alliance": "blue"
  }, 
  {
    "actual_time": 1552065113, 
    "alliances": {
      "blue": {
        "dq_team_keys": [], 
        "score": 57, 
        "surrogate_team_keys": [], 
        "team_keys": [
          "frc7464", 
          "frc31", 
          "frc2341"
        ]
      }, 
      "red": {
        "dq_team_keys": [], 
        "score": 45, 
        "surrogate_team_keys": [], 
        "team_keys": [
          "frc3931", 
          "frc932", 
          "frc5889"
        ]
      }
    }, 
    "comp_level": "qm", 
    "event_key": "2019okok", 
    "key": "2019okok_qm14", 
    "match_number": 14, 
    "predicted_time": 1552065179, 
    "set_number": 1, 
    "time": 1552063860, 
    "winning_alliance": "blue"
  }, 
  {
    "actual_time": 1552065587, 
    "alliances": {
      "blue": {
        "dq_team_keys": [], 
        "score": 12, 
        "surrogate_team_keys": [], 
        "team_keys": [
          "frc2773", 
          "frc2461", 
          "frc4500"
        ]
      }, 
      "red": {
        "dq_team_keys": [], 
        "score": 44, 
        "surrogate_team_keys": [], 
        "team_keys": [
          "frc7744", 
          "frc4959", 
          "frc2410"
        ]
      }
    }, 
    "comp_level": "qm", 
    "event_key": "2019okok", 
    "key": "2019okok_qm15", 
    "match_number": 15, 
    "predicted_time": 1552065671, 
    "set_number": 1, 
    "time": 1552064280, 
    "winning_alliance": "red"
  }, 
  {
    "actual_time": 1552066497, 
    "alliances": {
      "blue": {
        "dq_team_keys": [], 
        "score": 45, 
        "surrogate_team_keys": [], 
        "team_keys": [
          "frc5550", 
          "frc1410", 
          "frc4522"
        ]
      }, 
      "red": {
        "dq_team_keys": [], 
        "score": 18, 
        "surrogate_team_keys": [], 
        "team_keys": [
          "frc4550", 
          "frc6809", 
          "frc2398"
        ]
      }
    }, 
    "comp_level": "qm", 
    "event_key": "2019okok", 
    "key": "2019okok_qm16", 
    "match_number": 16, 
    "predicted_time": 1552066501, 
    "set_number": 1, 
    "time": 1552064700, 
    "winning_alliance": "blue"
  }, 
  {
    "actual_time": 1552066912, 
    "alliances": {
      "blue": {
        "dq_team_keys": [], 
        "score": 45, 
        "surrogate_team_keys": [], 
        "team_keys": [
          "frc3247", 
          "frc2359", 
          "frc6464"
        ]
      }, 
      "red": {
        "dq_team_keys": [], 
        "score": 18, 
        "surrogate_team_keys": [], 
        "team_keys": [
          "frc3612", 
          "frc5621", 
          "frc3457"
        ]
      }
    }, 
    "comp_level": "qm", 
    "event_key": "2019okok", 
    "key": "2019okok_qm17", 
    "match_number": 17, 
    "predicted_time": 1552066987, 
    "set_number": 1, 
    "time": 1552065120, 
    "winning_alliance": "blue"
  }, 
  {
    "actual_time": 1552067675, 
    "alliances": {
      "blue": {
        "dq_team_keys": [], 
        "score": 41, 
        "surrogate_team_keys": [], 
        "team_keys": [
          "frc5578", 
          "frc2795", 
          "frc3163"
        ]
      }, 
      "red": {
        "dq_team_keys": [], 
        "score": 54, 
        "surrogate_team_keys": [], 
        "team_keys": [
          "frc3465", 
          "frc2333", 
          "frc6800"
        ]
      }
    }, 
    "comp_level": "qm", 
    "event_key": "2019okok", 
    "key": "2019okok_qm18", 
    "match_number": 18, 
    "predicted_time": 1552067700, 
    "set_number": 1, 
    "time": 1552065540, 
    "winning_alliance": "red"
  }, 
  {
    "actual_time": 1552068098, 
    "alliances": {
      "blue": {
        "dq_team_keys": [], 
        "score": 41, 
        "surrogate_team_keys": [], 
        "team_keys": [
          "frc5730", 
          "frc2165", 
          "frc3507"
        ]
      }, 
      "red": {
        "dq_team_keys": [], 
        "score": 26, 
        "surrogate_team_keys": [], 
        "team_keys": [
          "frc2373", 
          "frc4418", 
          "frc7473"
        ]
      }
    }, 
    "comp_level": "qm", 
    "event_key": "2019okok", 
    "key": "2019okok_qm19", 
    "match_number": 19, 
    "predicted_time": 1552068184, 
    "set_number": 1, 
    "time": 1552065960, 
    "winning_alliance": "blue"
  }, 
  {
    "actual_time": 1552058577, 
    "alliances": {
      "blue": {
        "dq_team_keys": [], 
        "score": 50, 
        "surrogate_team_keys": [], 
        "team_keys": [
          "frc2359", 
          "frc3593", 
          "frc2341"
        ]
      }, 
      "red": {
        "dq_team_keys": [], 
        "score": 62, 
        "surrogate_team_keys": [], 
        "team_keys": [
          "frc1619", 
          "frc6891", 
          "frc4293"
        ]
      }
    }, 
    "comp_level": "qm", 
    "event_key": "2019okok", 
    "key": "2019okok_qm2", 
    "match_number": 2, 
    "predicted_time": 1552058581, 
    "set_number": 1, 
    "time": 1552057740, 
    "winning_alliance": "red"
  }, 
  {
    "actual_time": 1552068740, 
    "alliances": {
      "blue": {
        "dq_team_keys": [], 
        "score": 63, 
        "surrogate_team_keys": [], 
        "team_keys": [
          "frc2723", 
          "frc1561", 
          "frc662"
        ]
      }, 
      "red": {
        "dq_team_keys": [], 
        "score": 41, 
        "surrogate_team_keys": [], 
        "team_keys": [
          "frc3179", 
          "frc2352", 
          "frc2996"
        ]
      }
    }, 
    "comp_level": "qm", 
    "event_key": "2019okok", 
    "key": "2019okok_qm20", 
    "match_number": 20, 
    "predicted_time": 1552068842, 
    "set_number": 1, 
    "time": 1552066380, 
    "winning_alliance": "blue"
  }, 
  {
    "actual_time": 1552069199, 
    "alliances": {
      "blue": {
        "dq_team_keys": [], 
        "score": 27, 
        "surrogate_team_keys": [], 
        "team_keys": [
          "frc2398", 
          "frc2354", 
          "frc1750"
        ]
      }, 
      "red": {
        "dq_team_keys": [], 
        "score": 56, 
        "surrogate_team_keys": [], 
        "team_keys": [
          "frc4293", 
          "frc4550", 
          "frc5930"
        ]
      }
    }, 
    "comp_level": "qm", 
    "event_key": "2019okok", 
    "key": "2019okok_qm21", 
    "match_number": 21, 
    "predicted_time": 1552069381, 
    "set_number": 1, 
    "time": 1552066800, 
    "winning_alliance": "red"
  }, 
  {
    "actual_time": 1552069641, 
    "alliances": {
      "blue": {
        "dq_team_keys": [], 
        "score": 66, 
        "surrogate_team_keys": [], 
        "team_keys": [
          "frc4499", 
          "frc3247", 
          "frc3593"
        ]
      }, 
      "red": {
        "dq_team_keys": [], 
        "score": 61, 
        "surrogate_team_keys": [], 
        "team_keys": [
          "frc31", 
          "frc2773", 
          "frc4522"
        ]
      }
    }, 
    "comp_level": "qm", 
    "event_key": "2019okok", 
    "key": "2019okok_qm22", 
    "match_number": 22, 
    "predicted_time": 1552069741, 
    "set_number": 1, 
    "time": 1552067220, 
    "winning_alliance": "blue"
  }, 
  {
    "actual_time": 1552070109, 
    "alliances": {
      "blue": {
        "dq_team_keys": [], 
        "score": 61, 
        "surrogate_team_keys": [], 
        "team_keys": [
          "frc3163", 
          "frc2410", 
          "frc4523"
        ]
      }, 
      "red": {
        "dq_team_keys": [], 
        "score": 44, 
        "surrogate_team_keys": [], 
        "team_keys": [
          "frc6891", 
          "frc3931", 
          "frc6809"
        ]
      }
    }, 
    "comp_level": "qm", 
    "event_key": "2019okok", 
    "key": "2019okok_qm23", 
    "match_number": 23, 
    "predicted_time": 1552070104, 
    "set_number": 1, 
    "time": 1552067640, 
    "winning_alliance": "blue"
  }, 
  {
    "actual_time": 1552070523, 
    "alliances": {
      "blue": {
        "dq_team_keys": [], 
        "score": 49, 
        "surrogate_team_keys": [], 
        "team_keys": [
          "frc5550", 
          "frc1209", 
          "frc2359"
        ]
      }, 
      "red": {
        "dq_team_keys": [], 
        "score": 56, 
        "surrogate_team_keys": [], 
        "team_keys": [
          "frc2373", 
          "frc5730", 
          "frc6800"
        ]
      }
    }, 
    "comp_level": "qm", 
    "event_key": "2019okok", 
    "key": "2019okok_qm24", 
    "match_number": 24, 
    "predicted_time": 1552070581, 
    "set_number": 1, 
    "time": 1552068060, 
    "winning_alliance": "red"
  }, 
  {
    "actual_time": 1552071041, 
    "alliances": {
      "blue": {
        "dq_team_keys": [], 
        "score": 27, 
        "surrogate_team_keys": [], 
        "team_keys": [
          "frc5578", 
          "frc3179", 
          "frc2986"
        ]
      }, 
      "red": {
        "dq_team_keys": [], 
        "score": 27, 
        "surrogate_team_keys": [], 
        "team_keys": [
          "frc4959", 
          "frc2341", 
          "frc7473"
        ]
      }
    }, 
    "comp_level": "qm", 
    "event_key": "2019okok", 
    "key": "2019okok_qm25", 
    "match_number": 25, 
    "predicted_time": 1552071121, 
    "set_number": 1, 
    "time": 1552068480, 
    "winning_alliance": ""
  }, 
  {
    "actual_time": 1552071765, 
    "alliances": {
      "blue": {
        "dq_team_keys": [], 
        "score": 36, 
        "surrogate_team_keys": [], 
        "team_keys": [
          "frc2333", 
          "frc7744", 
          "frc3457"
        ]
      }, 
      "red": {
        "dq_team_keys": [], 
        "score": 37, 
        "surrogate_team_keys": [], 
        "team_keys": [
          "frc3612", 
          "frc2765", 
          "frc2996"
        ]
      }
    }, 
    "comp_level": "qm", 
    "event_key": "2019okok", 
    "key": "2019okok_qm26", 
    "match_number": 26, 
    "predicted_time": 1552071781, 
    "set_number": 1, 
    "time": 1552068900, 
    "winning_alliance": "red"
  }, 
  {
    "actual_time": 1552072399, 
    "alliances": {
      "blue": {
        "dq_team_keys": [], 
        "score": 36, 
        "surrogate_team_keys": [], 
        "team_keys": [
          "frc6900", 
          "frc662", 
          "frc2795"
        ]
      }, 
      "red": {
        "dq_team_keys": [], 
        "score": 48, 
        "surrogate_team_keys": [], 
        "team_keys": [
          "frc1750", 
          "frc5098", 
          "frc5889"
        ]
      }
    }, 
    "comp_level": "qm", 
    "event_key": "2019okok", 
    "key": "2019okok_qm27", 
    "match_number": 27, 
    "predicted_time": 1552072561, 
    "set_number": 1, 
    "time": 1552071600, 
    "winning_alliance": "red"
  }, 
  {
    "actual_time": 1552073069, 
    "alliances": {
      "blue": {
        "dq_team_keys": [], 
        "score": 35, 
        "surrogate_team_keys": [], 
        "team_keys": [
          "frc4500", 
          "frc3465", 
          "frc4418"
        ]
      }, 
      "red": {
        "dq_team_keys": [], 
        "score": 57, 
        "surrogate_team_keys": [], 
        "team_keys": [
          "frc932", 
          "frc2354", 
          "frc1619"
        ]
      }
    }, 
    "comp_level": "qm", 
    "event_key": "2019okok", 
    "key": "2019okok_qm28", 
    "match_number": 28, 
    "predicted_time": 1552073103, 
    "set_number": 1, 
    "time": 1552072020, 
    "winning_alliance": "red"
  }, 
  {
    "actual_time": 1552073542, 
    "alliances": {
      "blue": {
        "dq_team_keys": [], 
        "score": 24, 
        "surrogate_team_keys": [], 
        "team_keys": [
          "frc6464", 
          "frc6026", 
          "frc5621"
        ]
      }, 
      "red": {
        "dq_team_keys": [], 
        "score": 49, 
        "surrogate_team_keys": [], 
        "team_keys": [
          "frc2424", 
          "frc2723", 
          "frc5930"
        ]
      }
    }, 
    "comp_level": "qm", 
    "event_key": "2019okok", 
    "key": "2019okok_qm29", 
    "match_number": 29, 
    "predicted_time": 1552073641, 
    "set_number": 1, 
    "time": 1552072440, 
    "winning_alliance": "red"
  }, 
  {
    "actual_time": 1552059130, 
    "alliances": {
      "blue": {
        "dq_team_keys": [], 
        "score": 40, 
        "surrogate_team_keys": [], 
        "team_keys": [
          "frc3160", 
          "frc4523", 
          "frc1750"
        ]
      }, 
      "red": {
        "dq_team_keys": [], 
        "score": 32, 
        "surrogate_team_keys": [], 
        "team_keys": [
          "frc6026", 
          "frc4522", 
          "frc2395"
        ]
      }
    }, 
    "comp_level": "qm", 
    "event_key": "2019okok", 
    "key": "2019okok_qm3", 
    "match_number": 3, 
    "predicted_time": 1552059240, 
    "set_number": 1, 
    "time": 1552058280, 
    "winning_alliance": "blue"
  }, 
  {
    "actual_time": 1552074019, 
    "alliances": {
      "blue": {
        "dq_team_keys": [], 
        "score": 41, 
        "surrogate_team_keys": [], 
        "team_keys": [
          "frc2395", 
          "frc2352", 
          "frc3507"
        ]
      }, 
      "red": {
        "dq_team_keys": [], 
        "score": 32, 
        "surrogate_team_keys": [], 
        "team_keys": [
          "frc3152", 
          "frc7464", 
          "frc2165"
        ]
      }
    }, 
    "comp_level": "qm", 
    "event_key": "2019okok", 
    "key": "2019okok_qm30", 
    "match_number": 30, 
    "predicted_time": 1552074121, 
    "set_number": 1, 
    "time": 1552072860, 
    "winning_alliance": "blue"
  }, 
  {
    "actual_time": 1552074862, 
    "alliances": {
      "blue": {
        "dq_team_keys": [], 
        "score": 39, 
        "surrogate_team_keys": [], 
        "team_keys": [
          "frc4293", 
          "frc3160", 
          "frc1561"
        ]
      }, 
      "red": {
        "dq_team_keys": [], 
        "score": 61, 
        "surrogate_team_keys": [], 
        "team_keys": [
          "frc4005", 
          "frc1410", 
          "frc2461"
        ]
      }
    }, 
    "comp_level": "qm", 
    "event_key": "2019okok", 
    "key": "2019okok_qm31", 
    "match_number": 31, 
    "predicted_time": 1552074901, 
    "set_number": 1, 
    "time": 1552073280, 
    "winning_alliance": "red"
  }, 
  {
    "actual_time": 1552075406, 
    "alliances": {
      "blue": {
        "dq_team_keys": [], 
        "score": 19, 
        "surrogate_team_keys": [], 
        "team_keys": [
          "frc5889", 
          "frc2359", 
          "frc2986"
        ]
      }, 
      "red": {
        "dq_team_keys": [], 
        "score": 44, 
        "surrogate_team_keys": [], 
        "team_keys": [
          "frc2333", 
          "frc2410", 
          "frc2398"
        ]
      }
    }, 
    "comp_level": "qm", 
    "event_key": "2019okok", 
    "key": "2019okok_qm32", 
    "match_number": 32, 
    "predicted_time": 1552075500, 
    "set_number": 1, 
    "time": 1552073700, 
    "winning_alliance": "red"
  }, 
  {
    "actual_time": 1552075968, 
    "alliances": {
      "blue": {
        "dq_team_keys": [], 
        "score": 24, 
        "surrogate_team_keys": [], 
        "team_keys": [
          "frc1209", 
          "frc3179", 
          "frc2773"
        ]
      }, 
      "red": {
        "dq_team_keys": [], 
        "score": 47, 
        "surrogate_team_keys": [], 
        "team_keys": [
          "frc2996", 
          "frc6900", 
          "frc2354"
        ]
      }
    }, 
    "comp_level": "qm", 
    "event_key": "2019okok", 
    "key": "2019okok_qm33", 
    "match_number": 33, 
    "predicted_time": 1552075981, 
    "set_number": 1, 
    "time": 1552074120, 
    "winning_alliance": "red"
  }, 
  {
    "actual_time": 1552076439, 
    "alliances": {
      "blue": {
        "dq_team_keys": [], 
        "score": 63, 
        "surrogate_team_keys": [], 
        "team_keys": [
          "frc4550", 
          "frc3163", 
          "frc2765"
        ]
      }, 
      "red": {
        "dq_team_keys": [], 
        "score": 50, 
        "surrogate_team_keys": [], 
        "team_keys": [
          "frc6464", 
          "frc2373", 
          "frc932"
        ]
      }
    }, 
    "comp_level": "qm", 
    "event_key": "2019okok", 
    "key": "2019okok_qm34", 
    "match_number": 34, 
    "predicted_time": 1552076521, 
    "set_number": 1, 
    "time": 1552074540, 
    "winning_alliance": "blue"
  }, 
  {
    "actual_time": 1552077065, 
    "alliances": {
      "blue": {
        "dq_team_keys": [], 
        "score": 49, 
        "surrogate_team_keys": [], 
        "team_keys": [
          "frc4959", 
          "frc3931", 
          "frc7464"
        ]
      }, 
      "red": {
        "dq_team_keys": [], 
        "score": 52, 
        "surrogate_team_keys": [], 
        "team_keys": [
          "frc1619", 
          "frc4522", 
          "frc2424"
        ]
      }
    }, 
    "comp_level": "qm", 
    "event_key": "2019okok", 
    "key": "2019okok_qm35", 
    "match_number": 35, 
    "predicted_time": 1552077060, 
    "set_number": 1, 
    "time": 1552074960, 
    "winning_alliance": "red"
  }, 
  {
    "actual_time": 1552077548, 
    "alliances": {
      "blue": {
        "dq_team_keys": [], 
        "score": 53, 
        "surrogate_team_keys": [], 
        "team_keys": [
          "frc2165", 
          "frc2341", 
          "frc2723"
        ]
      }, 
      "red": {
        "dq_team_keys": [], 
        "score": 42, 
        "surrogate_team_keys": [], 
        "team_keys": [
          "frc4523", 
          "frc3465", 
          "frc662"
        ]
      }
    }, 
    "comp_level": "qm", 
    "event_key": "2019okok", 
    "key": "2019okok_qm36", 
    "match_number": 36, 
    "predicted_time": 1552077541, 
    "set_number": 1, 
    "time": 1552075380, 
    "winning_alliance": "blue"
  }, 
  {
    "actual_time": 1552077959, 
    "alliances": {
      "blue": {
        "dq_team_keys": [], 
        "score": 29, 
        "surrogate_team_keys": [], 
        "team_keys": [
          "frc7744", 
          "frc3612", 
          "frc7473"
        ]
      }, 
      "red": {
        "dq_team_keys": [], 
        "score": 53, 
        "surrogate_team_keys": [], 
        "team_keys": [
          "frc4005", 
          "frc2395", 
          "frc3593"
        ]
      }
    }, 
    "comp_level": "qm", 
    "event_key": "2019okok", 
    "key": "2019okok_qm37", 
    "match_number": 37, 
    "predicted_time": 1552078006, 
    "set_number": 1, 
    "time": 1552075800, 
    "winning_alliance": "red"
  }, 
  {
    "actual_time": 1552078423, 
    "alliances": {
      "blue": {
        "dq_team_keys": [], 
        "score": 40, 
        "surrogate_team_keys": [], 
        "team_keys": [
          "frc5578", 
          "frc6800", 
          "frc1750"
        ]
      }, 
      "red": {
        "dq_team_keys": [], 
        "score": 41, 
        "surrogate_team_keys": [], 
        "team_keys": [
          "frc3247", 
          "frc3507", 
          "frc1410"
        ]
      }
    }, 
    "comp_level": "qm", 
    "event_key": "2019okok", 
    "key": "2019okok_qm38", 
    "match_number": 38, 
    "predicted_time": 1552078441, 
    "set_number": 1, 
    "time": 1552076220, 
    "winning_alliance": "red"
  }, 
  {
    "actual_time": 1552078842, 
    "alliances": {
      "blue": {
        "dq_team_keys": [], 
        "score": 45, 
        "surrogate_team_keys": [], 
        "team_keys": [
          "frc2795", 
          "frc3152", 
          "frc1561"
        ]
      }, 
      "red": {
        "dq_team_keys": [], 
        "score": 53, 
        "surrogate_team_keys": [], 
        "team_keys": [
          "frc5621", 
          "frc4499", 
          "frc4418"
        ]
      }
    }, 
    "comp_level": "qm", 
    "event_key": "2019okok", 
    "key": "2019okok_qm39", 
    "match_number": 39, 
    "predicted_time": 1552078921, 
    "set_number": 1, 
    "time": 1552076640, 
    "winning_alliance": "red"
  }, 
  {
    "actual_time": 1552059644, 
    "alliances": {
      "blue": {
        "dq_team_keys": [], 
        "score": 68, 
        "surrogate_team_keys": [], 
        "team_keys": [
          "frc2461", 
          "frc4550", 
          "frc2996"
        ]
      }, 
      "red": {
        "dq_team_keys": [], 
        "score": 30, 
        "surrogate_team_keys": [], 
        "team_keys": [
          "frc5098", 
          "frc3152", 
          "frc3507"
        ]
      }
    }, 
    "comp_level": "qm", 
    "event_key": "2019okok", 
    "key": "2019okok_qm4", 
    "match_number": 4, 
    "predicted_time": 1552059730, 
    "set_number": 1, 
    "time": 1552058820, 
    "winning_alliance": "blue"
  }, 
  {
    "actual_time": 1552079441, 
    "alliances": {
      "blue": {
        "dq_team_keys": [], 
        "score": 43, 
        "surrogate_team_keys": [], 
        "team_keys": [
          "frc2461", 
          "frc6026", 
          "frc4293"
        ]
      }, 
      "red": {
        "dq_team_keys": [], 
        "score": 28, 
        "surrogate_team_keys": [], 
        "team_keys": [
          "frc3457", 
          "frc31", 
          "frc6809"
        ]
      }
    }, 
    "comp_level": "qm", 
    "event_key": "2019okok", 
    "key": "2019okok_qm40", 
    "match_number": 40, 
    "predicted_time": 1552079401, 
    "set_number": 1, 
    "time": 1552077060, 
    "winning_alliance": "blue"
  }, 
  {
    "actual_time": 1552079873, 
    "alliances": {
      "blue": {
        "dq_team_keys": [], 
        "score": 47, 
        "surrogate_team_keys": [], 
        "team_keys": [
          "frc5930", 
          "frc3160", 
          "frc5098"
        ]
      }, 
      "red": {
        "dq_team_keys": [], 
        "score": 47, 
        "surrogate_team_keys": [], 
        "team_keys": [
          "frc6891", 
          "frc4500", 
          "frc5550"
        ]
      }
    }, 
    "comp_level": "qm", 
    "event_key": "2019okok", 
    "key": "2019okok_qm41", 
    "match_number": 41, 
    "predicted_time": 1552079897, 
    "set_number": 1, 
    "time": 1552077480, 
    "winning_alliance": ""
  }, 
  {
    "actual_time": 1552080260, 
    "alliances": {
      "blue": {
        "dq_team_keys": [], 
        "score": 43, 
        "surrogate_team_keys": [], 
        "team_keys": [
          "frc7744", 
          "frc2352", 
          "frc2354"
        ]
      }, 
      "red": {
        "dq_team_keys": [], 
        "score": 40, 
        "surrogate_team_keys": [], 
        "team_keys": [
          "frc5730", 
          "frc6464", 
          "frc2333"
        ]
      }
    }, 
    "comp_level": "qm", 
    "event_key": "2019okok", 
    "key": "2019okok_qm42", 
    "match_number": 42, 
    "predicted_time": 1552080328, 
    "set_number": 1, 
    "time": 1552077900, 
    "winning_alliance": "blue"
  }, 
  {
    "actual_time": 1552081069, 
    "alliances": {
      "blue": {
        "dq_team_keys": [], 
        "score": 34, 
        "surrogate_team_keys": [], 
        "team_keys": [
          "frc3507", 
          "frc4522", 
          "frc6900"
        ]
      }, 
      "red": {
        "dq_team_keys": [], 
        "score": 38, 
        "surrogate_team_keys": [], 
        "team_keys": [
          "frc2723", 
          "frc932", 
          "frc2986"
        ]
      }
    }, 
    "comp_level": "qm", 
    "event_key": "2019okok", 
    "key": "2019okok_qm43", 
    "match_number": 43, 
    "predicted_time": 1552081141, 
    "set_number": 1, 
    "time": 1552078320, 
    "winning_alliance": "red"
  }, 
  {
    "actual_time": 1552082154, 
    "alliances": {
      "blue": {
        "dq_team_keys": [], 
        "score": 20, 
        "surrogate_team_keys": [], 
        "team_keys": [
          "frc4959", 
          "frc4499", 
          "frc3179"
        ]
      }, 
      "red": {
        "dq_team_keys": [], 
        "score": 55, 
        "surrogate_team_keys": [], 
        "team_keys": [
          "frc4550", 
          "frc4523", 
          "frc2359"
        ]
      }
    }, 
    "comp_level": "qm", 
    "event_key": "2019okok", 
    "key": "2019okok_qm44", 
    "match_number": 44, 
    "predicted_time": 1552082222, 
    "set_number": 1, 
    "time": 1552078740, 
    "winning_alliance": "red"
  }, 
  {
    "actual_time": 1552082774, 
    "alliances": {
      "blue": {
        "dq_team_keys": [], 
        "score": 43, 
        "surrogate_team_keys": [], 
        "team_keys": [
          "frc1750", 
          "frc4418", 
          "frc6809"
        ]
      }, 
      "red": {
        "dq_team_keys": [], 
        "score": 53, 
        "surrogate_team_keys": [], 
        "team_keys": [
          "frc2341", 
          "frc3457", 
          "frc2773"
        ]
      }
    }, 
    "comp_level": "qm", 
    "event_key": "2019okok", 
    "key": "2019okok_qm45", 
    "match_number": 45, 
    "predicted_time": 1552082764, 
    "set_number": 1, 
    "time": 1552079160, 
    "winning_alliance": "red"
  }, 
  {
    "actual_time": 1552083257, 
    "alliances": {
      "blue": {
        "dq_team_keys": [], 
        "score": 41, 
        "surrogate_team_keys": [], 
        "team_keys": [
          "frc2165", 
          "frc2395", 
          "frc2373"
        ]
      }, 
      "red": {
        "dq_team_keys": [], 
        "score": 62, 
        "surrogate_team_keys": [], 
        "team_keys": [
          "frc1561", 
          "frc2996", 
          "frc6026"
        ]
      }
    }, 
    "comp_level": "qm", 
    "event_key": "2019okok", 
    "key": "2019okok_qm46", 
    "match_number": 46, 
    "predicted_time": 1552083241, 
    "set_number": 1, 
    "time": 1552079580, 
    "winning_alliance": "red"
  }, 
  {
    "actual_time": 1552083686, 
    "alliances": {
      "blue": {
        "dq_team_keys": [], 
        "score": 46, 
        "surrogate_team_keys": [], 
        "team_keys": [
          "frc3152", 
          "frc662", 
          "frc4005"
        ]
      }, 
      "red": {
        "dq_team_keys": [], 
        "score": 62, 
        "surrogate_team_keys": [], 
        "team_keys": [
          "frc2410", 
          "frc5578", 
          "frc31"
        ]
      }
    }, 
    "comp_level": "qm", 
    "event_key": "2019okok", 
    "key": "2019okok_qm47", 
    "match_number": 47, 
    "predicted_time": 1552083712, 
    "set_number": 1, 
    "time": 1552080000, 
    "winning_alliance": "red"
  }, 
  {
    "actual_time": 1552084137, 
    "alliances": {
      "blue": {
        "dq_team_keys": [], 
        "score": 49, 
        "surrogate_team_keys": [], 
        "team_keys": [
          "frc3160", 
          "frc5730", 
          "frc3931"
        ]
      }, 
      "red": {
        "dq_team_keys": [], 
        "score": 29, 
        "surrogate_team_keys": [], 
        "team_keys": [
          "frc6800", 
          "frc5098", 
          "frc5621"
        ]
      }
    }, 
    "comp_level": "qm", 
    "event_key": "2019okok", 
    "key": "2019okok_qm48", 
    "match_number": 48, 
    "predicted_time": 1552084141, 
    "set_number": 1, 
    "time": 1552080420, 
    "winning_alliance": "blue"
  }, 
  {
    "actual_time": 1552084544, 
    "alliances": {
      "blue": {
        "dq_team_keys": [], 
        "score": 64, 
        "surrogate_team_keys": [], 
        "team_keys": [
          "frc2765", 
          "frc4293", 
          "frc4500"
        ]
      }, 
      "red": {
        "dq_team_keys": [], 
        "score": 32, 
        "surrogate_team_keys": [], 
        "team_keys": [
          "frc2352", 
          "frc2424", 
          "frc2795"
        ]
      }
    }, 
    "comp_level": "qm", 
    "event_key": "2019okok", 
    "key": "2019okok_qm49", 
    "match_number": 49, 
    "predicted_time": 1552084589, 
    "set_number": 1, 
    "time": 1552080840, 
    "winning_alliance": "blue"
  }, 
  {
    "actual_time": 1552060534, 
    "alliances": {
      "blue": {
        "dq_team_keys": [], 
        "score": 16, 
        "surrogate_team_keys": [], 
        "team_keys": [
          "frc2165", 
          "frc2424", 
          "frc1209"
        ]
      }, 
      "red": {
        "dq_team_keys": [], 
        "score": 62, 
        "surrogate_team_keys": [], 
        "team_keys": [
          "frc6809", 
          "frc4005", 
          "frc4499"
        ]
      }
    }, 
    "comp_level": "qm", 
    "event_key": "2019okok", 
    "key": "2019okok_qm5", 
    "match_number": 5, 
    "predicted_time": 1552060561, 
    "set_number": 1, 
    "time": 1552059360, 
    "winning_alliance": "red"
  }, 
  {
    "actual_time": 1552085018, 
    "alliances": {
      "blue": {
        "dq_team_keys": [], 
        "score": 54, 
        "surrogate_team_keys": [], 
        "team_keys": [
          "frc1619", 
          "frc7473", 
          "frc3247"
        ]
      }, 
      "red": {
        "dq_team_keys": [], 
        "score": 41, 
        "surrogate_team_keys": [], 
        "team_keys": [
          "frc6891", 
          "frc2398", 
          "frc2461"
        ]
      }
    }, 
    "comp_level": "qm", 
    "event_key": "2019okok", 
    "key": "2019okok_qm50", 
    "match_number": 50, 
    "predicted_time": 1552085161, 
    "set_number": 1, 
    "time": 1552081260, 
    "winning_alliance": "blue"
  }, 
  {
    "actual_time": 1552085606, 
    "alliances": {
      "blue": {
        "dq_team_keys": [], 
        "score": 53, 
        "surrogate_team_keys": [], 
        "team_keys": [
          "frc5889", 
          "frc3612", 
          "frc1410"
        ]
      }, 
      "red": {
        "dq_team_keys": [], 
        "score": 38, 
        "surrogate_team_keys": [], 
        "team_keys": [
          "frc5930", 
          "frc3163", 
          "frc1209"
        ]
      }
    }, 
    "comp_level": "qm", 
    "event_key": "2019okok", 
    "key": "2019okok_qm51", 
    "match_number": 51, 
    "predicted_time": 1552085641, 
    "set_number": 1, 
    "time": 1552081680, 
    "winning_alliance": "blue"
  }, 
  {
    "actual_time": 1552086088, 
    "alliances": {
      "blue": {
        "dq_team_keys": [], 
        "score": 44, 
        "surrogate_team_keys": [], 
        "team_keys": [
          "frc7464", 
          "frc5550", 
          "frc4550"
        ]
      }, 
      "red": {
        "dq_team_keys": [], 
        "score": 32, 
        "surrogate_team_keys": [], 
        "team_keys": [
          "frc3593", 
          "frc6900", 
          "frc3465"
        ]
      }
    }, 
    "comp_level": "qm", 
    "event_key": "2019okok", 
    "key": "2019okok_qm52", 
    "match_number": 52, 
    "predicted_time": 1552086120, 
    "set_number": 1, 
    "time": 1552082100, 
    "winning_alliance": "blue"
  }, 
  {
    "actual_time": 1552086471, 
    "alliances": {
      "blue": {
        "dq_team_keys": [], 
        "score": 46, 
        "surrogate_team_keys": [], 
        "team_keys": [
          "frc4499", 
          "frc3457", 
          "frc2395"
        ]
      }, 
      "red": {
        "dq_team_keys": [], 
        "score": 55, 
        "surrogate_team_keys": [], 
        "team_keys": [
          "frc5098", 
          "frc2341", 
          "frc2354"
        ]
      }
    }, 
    "comp_level": "qm", 
    "event_key": "2019okok", 
    "key": "2019okok_qm53", 
    "match_number": 53, 
    "predicted_time": 1552086541, 
    "set_number": 1, 
    "time": 1552082520, 
    "winning_alliance": "red"
  }, 
  {
    "actual_time": 1552086962, 
    "alliances": {
      "blue": {
        "dq_team_keys": [], 
        "score": 47, 
        "surrogate_team_keys": [], 
        "team_keys": [
          "frc6800", 
          "frc2986", 
          "frc4522"
        ]
      }, 
      "red": {
        "dq_team_keys": [], 
        "score": 52, 
        "surrogate_team_keys": [], 
        "team_keys": [
          "frc4293", 
          "frc6464", 
          "frc2165"
        ]
      }
    }, 
    "comp_level": "qm", 
    "event_key": "2019okok", 
    "key": "2019okok_qm54", 
    "match_number": 54, 
    "predicted_time": 1552086922, 
    "set_number": 1, 
    "time": 1552082940, 
    "winning_alliance": "red"
  }, 
  {
    "actual_time": 1552087588, 
    "alliances": {
      "blue": {
        "dq_team_keys": [], 
        "score": 45, 
        "surrogate_team_keys": [], 
        "team_keys": [
          "frc6809", 
          "frc4959", 
          "frc2373"
        ]
      }, 
      "red": {
        "dq_team_keys": [], 
        "score": 37, 
        "surrogate_team_keys": [], 
        "team_keys": [
          "frc2352", 
          "frc662", 
          "frc3160"
        ]
      }
    }, 
    "comp_level": "qm", 
    "event_key": "2019okok", 
    "key": "2019okok_qm55", 
    "match_number": 55, 
    "predicted_time": 1552087500, 
    "set_number": 1, 
    "time": 1552083360, 
    "winning_alliance": "blue"
  }, 
  {
    "actual_time": null, 
    "alliances": {
      "blue": {
        "dq_team_keys": [], 
        "score": -1, 
        "surrogate_team_keys": [], 
        "team_keys": [
          "frc31", 
          "frc2795", 
          "frc5930"
        ]
      }, 
      "red": {
        "dq_team_keys": [], 
        "score": -1, 
        "surrogate_team_keys": [], 
        "team_keys": [
          "frc3507", 
          "frc7744", 
          "frc1209"
        ]
      }
    }, 
    "comp_level": "qm", 
    "event_key": "2019okok", 
    "key": "2019okok_qm56", 
    "match_number": 56, 
    "predicted_time": 1552088041, 
    "set_number": 1, 
    "time": 1552083780, 
    "winning_alliance": ""
  }, 
  {
    "actual_time": null, 
    "alliances": {
      "blue": {
        "dq_team_keys": [], 
        "score": -1, 
        "surrogate_team_keys": [], 
        "team_keys": [
          "frc3931", 
          "frc2398", 
          "frc2424"
        ]
      }, 
      "red": {
        "dq_team_keys": [], 
        "score": -1, 
        "surrogate_team_keys": [], 
        "team_keys": [
          "frc4418", 
          "frc2996", 
          "frc3593"
        ]
      }
    }, 
    "comp_level": "qm", 
    "event_key": "2019okok", 
    "key": "2019okok_qm57", 
    "match_number": 57, 
    "predicted_time": 1552088494, 
    "set_number": 1, 
    "time": 1552084200, 
    "winning_alliance": ""
  }, 
  {
    "actual_time": null, 
    "alliances": {
      "blue": {
        "dq_team_keys": [], 
        "score": -1, 
        "surrogate_team_keys": [], 
        "team_keys": [
          "frc4500", 
          "frc6026", 
          "frc4005"
        ]
      }, 
      "red": {
        "dq_team_keys": [], 
        "score": -1, 
        "surrogate_team_keys": [], 
        "team_keys": [
          "frc3247", 
          "frc5889", 
          "frc3465"
        ]
      }
    }, 
    "comp_level": "qm", 
    "event_key": "2019okok", 
    "key": "2019okok_qm58", 
    "match_number": 58, 
    "predicted_time": 1552088947, 
    "set_number": 1, 
    "time": 1552084620, 
    "winning_alliance": ""
  }, 
  {
    "actual_time": null, 
    "alliances": {
      "blue": {
        "dq_team_keys": [], 
        "score": -1, 
        "surrogate_team_keys": [], 
        "team_keys": [
          "frc3152", 
          "frc5550", 
          "frc932"
        ]
      }, 
      "red": {
        "dq_team_keys": [], 
        "score": -1, 
        "surrogate_team_keys": [], 
        "team_keys": [
          "frc1410", 
          "frc2333", 
          "frc3179"
        ]
      }
    }, 
    "comp_level": "qm", 
    "event_key": "2019okok", 
    "key": "2019okok_qm59", 
    "match_number": 59, 
    "predicted_time": 1552089400, 
    "set_number": 1, 
    "time": 1552085040, 
    "winning_alliance": ""
  }, 
  {
    "actual_time": 1552060974, 
    "alliances": {
      "blue": {
        "dq_team_keys": [], 
        "score": 10, 
        "surrogate_team_keys": [], 
        "team_keys": [
          "frc2333", 
          "frc4959", 
          "frc6900"
        ]
      }, 
      "red": {
        "dq_team_keys": [], 
        "score": 35, 
        "surrogate_team_keys": [], 
        "team_keys": [
          "frc4418", 
          "frc5930", 
          "frc3247"
        ]
      }
    }, 
    "comp_level": "qm", 
    "event_key": "2019okok", 
    "key": "2019okok_qm6", 
    "match_number": 6, 
    "predicted_time": 1552061064, 
    "set_number": 1, 
    "time": 1552059900, 
    "winning_alliance": "red"
  }, 
  {
    "actual_time": null, 
    "alliances": {
      "blue": {
        "dq_team_keys": [], 
        "score": -1, 
        "surrogate_team_keys": [], 
        "team_keys": [
          "frc4523", 
          "frc6891", 
          "frc5578"
        ]
      }, 
      "red": {
        "dq_team_keys": [], 
        "score": -1, 
        "surrogate_team_keys": [], 
        "team_keys": [
          "frc2773", 
          "frc5621", 
          "frc2765"
        ]
      }
    }, 
    "comp_level": "qm", 
    "event_key": "2019okok", 
    "key": "2019okok_qm60", 
    "match_number": 60, 
    "predicted_time": 1552089853, 
    "set_number": 1, 
    "time": 1552085460, 
    "winning_alliance": ""
  }, 
  {
    "actual_time": null, 
    "alliances": {
      "blue": {
        "dq_team_keys": [], 
        "score": -1, 
        "surrogate_team_keys": [], 
        "team_keys": [
          "frc7473", 
          "frc2461", 
          "frc7464"
        ]
      }, 
      "red": {
        "dq_team_keys": [], 
        "score": -1, 
        "surrogate_team_keys": [], 
        "team_keys": [
          "frc2723", 
          "frc2359", 
          "frc3163"
        ]
      }
    }, 
    "comp_level": "qm", 
    "event_key": "2019okok", 
    "key": "2019okok_qm61", 
    "match_number": 61, 
    "predicted_time": 1552090306, 
    "set_number": 1, 
    "time": 1552085880, 
    "winning_alliance": ""
  }, 
  {
    "actual_time": null, 
    "alliances": {
      "blue": {
        "dq_team_keys": [], 
        "score": -1, 
        "surrogate_team_keys": [], 
        "team_keys": [
          "frc2410", 
          "frc1619", 
          "frc3612"
        ]
      }, 
      "red": {
        "dq_team_keys": [], 
        "score": -1, 
        "surrogate_team_keys": [], 
        "team_keys": [
          "frc1561", 
          "frc1750", 
          "frc5730"
        ]
      }
    }, 
    "comp_level": "qm", 
    "event_key": "2019okok", 
    "key": "2019okok_qm62", 
    "match_number": 62, 
    "predicted_time": 1552090759, 
    "set_number": 1, 
    "time": 1552086300, 
    "winning_alliance": ""
  }, 
  {
    "actual_time": null, 
    "alliances": {
      "blue": {
        "dq_team_keys": [], 
        "score": -1, 
        "surrogate_team_keys": [], 
        "team_keys": [
          "frc2341", 
          "frc2398", 
          "frc6464"
        ]
      }, 
      "red": {
        "dq_team_keys": [], 
        "score": -1, 
        "surrogate_team_keys": [], 
        "team_keys": [
          "frc3507", 
          "frc4500", 
          "frc3160"
        ]
      }
    }, 
    "comp_level": "qm", 
    "event_key": "2019okok", 
    "key": "2019okok_qm63", 
    "match_number": 63, 
    "predicted_time": 1552091212, 
    "set_number": 1, 
    "time": 1552086720, 
    "winning_alliance": ""
  }, 
  {
    "actual_time": null, 
    "alliances": {
      "blue": {
        "dq_team_keys": [], 
        "score": -1, 
        "surrogate_team_keys": [], 
        "team_keys": [
          "frc662", 
          "frc3247", 
          "frc7744"
        ]
      }, 
      "red": {
        "dq_team_keys": [], 
        "score": -1, 
        "surrogate_team_keys": [], 
        "team_keys": [
          "frc2354", 
          "frc5550", 
          "frc3931"
        ]
      }
    }, 
    "comp_level": "qm", 
    "event_key": "2019okok", 
    "key": "2019okok_qm64", 
    "match_number": 64, 
    "predicted_time": 1552091665, 
    "set_number": 1, 
    "time": 1552087140, 
    "winning_alliance": ""
  }, 
  {
    "actual_time": null, 
    "alliances": {
      "blue": {
        "dq_team_keys": [], 
        "score": -1, 
        "surrogate_team_keys": [], 
        "team_keys": [
          "frc5098", 
          "frc2333", 
          "frc6891"
        ]
      }, 
      "red": {
        "dq_team_keys": [], 
        "score": -1, 
        "surrogate_team_keys": [], 
        "team_keys": [
          "frc3179", 
          "frc2165", 
          "frc31"
        ]
      }
    }, 
    "comp_level": "qm", 
    "event_key": "2019okok", 
    "key": "2019okok_qm65", 
    "match_number": 65, 
    "predicted_time": 1552092118, 
    "set_number": 1, 
    "time": 1552087560, 
    "winning_alliance": ""
  }, 
  {
    "actual_time": null, 
    "alliances": {
      "blue": {
        "dq_team_keys": [], 
        "score": -1, 
        "surrogate_team_keys": [], 
        "team_keys": [
          "frc932", 
          "frc5621", 
          "frc4293"
        ]
      }, 
      "red": {
        "dq_team_keys": [], 
        "score": -1, 
        "surrogate_team_keys": [], 
        "team_keys": [
          "frc7473", 
          "frc1209", 
          "frc2395"
        ]
      }
    }, 
    "comp_level": "qm", 
    "event_key": "2019okok", 
    "key": "2019okok_qm66", 
    "match_number": 66, 
    "predicted_time": 1552092571, 
    "set_number": 1, 
    "time": 1552087980, 
    "winning_alliance": ""
  }, 
  {
    "actual_time": null, 
    "alliances": {
      "blue": {
        "dq_team_keys": [], 
        "score": -1, 
        "surrogate_team_keys": [], 
        "team_keys": [
          "frc1750", 
          "frc2373", 
          "frc2795"
        ]
      }, 
      "red": {
        "dq_team_keys": [], 
        "score": -1, 
        "surrogate_team_keys": [], 
        "team_keys": [
          "frc3593", 
          "frc2723", 
          "frc4959"
        ]
      }
    }, 
    "comp_level": "qm", 
    "event_key": "2019okok", 
    "key": "2019okok_qm67", 
    "match_number": 67, 
    "predicted_time": 1552147681, 
    "set_number": 1, 
    "time": 1552143600, 
    "winning_alliance": ""
  }, 
  {
    "actual_time": null, 
    "alliances": {
      "blue": {
        "dq_team_keys": [], 
        "score": -1, 
        "surrogate_team_keys": [], 
        "team_keys": [
          "frc3457", 
          "frc1619", 
          "frc5730"
        ]
      }, 
      "red": {
        "dq_team_keys": [], 
        "score": -1, 
        "surrogate_team_keys": [], 
        "team_keys": [
          "frc3163", 
          "frc3152", 
          "frc6900"
        ]
      }
    }, 
    "comp_level": "qm", 
    "event_key": "2019okok", 
    "key": "2019okok_qm68", 
    "match_number": 68, 
    "predicted_time": 1552148101, 
    "set_number": 1, 
    "time": 1552144020, 
    "winning_alliance": ""
  }, 
  {
    "actual_time": null, 
    "alliances": {
      "blue": {
        "dq_team_keys": [], 
        "score": -1, 
        "surrogate_team_keys": [], 
        "team_keys": [
          "frc1410", 
          "frc3465", 
          "frc2996"
        ]
      }, 
      "red": {
        "dq_team_keys": [], 
        "score": -1, 
        "surrogate_team_keys": [], 
        "team_keys": [
          "frc2986", 
          "frc4499", 
          "frc2410"
        ]
      }
    }, 
    "comp_level": "qm", 
    "event_key": "2019okok", 
    "key": "2019okok_qm69", 
    "match_number": 69, 
    "predicted_time": 1552148521, 
    "set_number": 1, 
    "time": 1552144440, 
    "winning_alliance": ""
  }, 
  {
    "actual_time": 1552061437, 
    "alliances": {
      "blue": {
        "dq_team_keys": [], 
        "score": 28, 
        "surrogate_team_keys": [], 
        "team_keys": [
          "frc6800", 
          "frc2765", 
          "frc2723"
        ]
      }, 
      "red": {
        "dq_team_keys": [], 
        "score": 55, 
        "surrogate_team_keys": [], 
        "team_keys": [
          "frc2354", 
          "frc5889", 
          "frc1561"
        ]
      }
    }, 
    "comp_level": "qm", 
    "event_key": "2019okok", 
    "key": "2019okok_qm7", 
    "match_number": 7, 
    "predicted_time": 1552061496, 
    "set_number": 1, 
    "time": 1552060440, 
    "winning_alliance": "red"
  }, 
  {
    "actual_time": null, 
    "alliances": {
      "blue": {
        "dq_team_keys": [], 
        "score": -1, 
        "surrogate_team_keys": [], 
        "team_keys": [
          "frc5930", 
          "frc1561", 
          "frc2765"
        ]
      }, 
      "red": {
        "dq_team_keys": [], 
        "score": -1, 
        "surrogate_team_keys": [], 
        "team_keys": [
          "frc7464", 
          "frc6809", 
          "frc2359"
        ]
      }
    }, 
    "comp_level": "qm", 
    "event_key": "2019okok", 
    "key": "2019okok_qm70", 
    "match_number": 70, 
    "predicted_time": 1552148941, 
    "set_number": 1, 
    "time": 1552144860, 
    "winning_alliance": ""
  }, 
  {
    "actual_time": null, 
    "alliances": {
      "blue": {
        "dq_team_keys": [], 
        "score": -1, 
        "surrogate_team_keys": [], 
        "team_keys": [
          "frc3612", 
          "frc6800", 
          "frc2773"
        ]
      }, 
      "red": {
        "dq_team_keys": [], 
        "score": -1, 
        "surrogate_team_keys": [], 
        "team_keys": [
          "frc6026", 
          "frc2424", 
          "frc4550"
        ]
      }
    }, 
    "comp_level": "qm", 
    "event_key": "2019okok", 
    "key": "2019okok_qm71", 
    "match_number": 71, 
    "predicted_time": 1552149361, 
    "set_number": 1, 
    "time": 1552145280, 
    "winning_alliance": ""
  }, 
  {
    "actual_time": null, 
    "alliances": {
      "blue": {
        "dq_team_keys": [], 
        "score": -1, 
        "surrogate_team_keys": [], 
        "team_keys": [
          "frc4522", 
          "frc5889", 
          "frc4418"
        ]
      }, 
      "red": {
        "dq_team_keys": [], 
        "score": -1, 
        "surrogate_team_keys": [], 
        "team_keys": [
          "frc2352", 
          "frc5578", 
          "frc2461"
        ]
      }
    }, 
    "comp_level": "qm", 
    "event_key": "2019okok", 
    "key": "2019okok_qm72", 
    "match_number": 72, 
    "predicted_time": 1552149781, 
    "set_number": 1, 
    "time": 1552145700, 
    "winning_alliance": ""
  }, 
  {
    "actual_time": null, 
    "alliances": {
      "blue": {
        "dq_team_keys": [], 
        "score": -1, 
        "surrogate_team_keys": [], 
        "team_keys": [
          "frc3457", 
          "frc4005", 
          "frc2373"
        ]
      }, 
      "red": {
        "dq_team_keys": [], 
        "score": -1, 
        "surrogate_team_keys": [], 
        "team_keys": [
          "frc4523", 
          "frc2795", 
          "frc1619"
        ]
      }
    }, 
    "comp_level": "qm", 
    "event_key": "2019okok", 
    "key": "2019okok_qm73", 
    "match_number": 73, 
    "predicted_time": 1552150201, 
    "set_number": 1, 
    "time": 1552146120, 
    "winning_alliance": ""
  }, 
  {
    "actual_time": null, 
    "alliances": {
      "blue": {
        "dq_team_keys": [], 
        "score": -1, 
        "surrogate_team_keys": [], 
        "team_keys": [
          "frc3593", 
          "frc2354", 
          "frc2165"
        ]
      }, 
      "red": {
        "dq_team_keys": [], 
        "score": -1, 
        "surrogate_team_keys": [], 
        "team_keys": [
          "frc5621", 
          "frc1410", 
          "frc4959"
        ]
      }
    }, 
    "comp_level": "qm", 
    "event_key": "2019okok", 
    "key": "2019okok_qm74", 
    "match_number": 74, 
    "predicted_time": 1552150621, 
    "set_number": 1, 
    "time": 1552146540, 
    "winning_alliance": ""
  }, 
  {
    "actual_time": null, 
    "alliances": {
      "blue": {
        "dq_team_keys": [], 
        "score": -1, 
        "surrogate_team_keys": [], 
        "team_keys": [
          "frc7473", 
          "frc4500", 
          "frc4499"
        ]
      }, 
      "red": {
        "dq_team_keys": [], 
        "score": -1, 
        "surrogate_team_keys": [], 
        "team_keys": [
          "frc7464", 
          "frc1750", 
          "frc2333"
        ]
      }
    }, 
    "comp_level": "qm", 
    "event_key": "2019okok", 
    "key": "2019okok_qm75", 
    "match_number": 75, 
    "predicted_time": 1552151041, 
    "set_number": 1, 
    "time": 1552146960, 
    "winning_alliance": ""
  }, 
  {
    "actual_time": null, 
    "alliances": {
      "blue": {
        "dq_team_keys": [], 
        "score": -1, 
        "surrogate_team_keys": [], 
        "team_keys": [
          "frc2359", 
          "frc2773", 
          "frc6026"
        ]
      }, 
      "red": {
        "dq_team_keys": [], 
        "score": -1, 
        "surrogate_team_keys": [], 
        "team_keys": [
          "frc662", 
          "frc3507", 
          "frc5550"
        ]
      }
    }, 
    "comp_level": "qm", 
    "event_key": "2019okok", 
    "key": "2019okok_qm76", 
    "match_number": 76, 
    "predicted_time": 1552151461, 
    "set_number": 1, 
    "time": 1552147380, 
    "winning_alliance": ""
  }, 
  {
    "actual_time": null, 
    "alliances": {
      "blue": {
        "dq_team_keys": [], 
        "score": -1, 
        "surrogate_team_keys": [], 
        "team_keys": [
          "frc2765", 
          "frc3179", 
          "frc3247"
        ]
      }, 
      "red": {
        "dq_team_keys": [], 
        "score": -1, 
        "surrogate_team_keys": [], 
        "team_keys": [
          "frc3160", 
          "frc2986", 
          "frc3163"
        ]
      }
    }, 
    "comp_level": "qm", 
    "event_key": "2019okok", 
    "key": "2019okok_qm77", 
    "match_number": 77, 
    "predicted_time": 1552151881, 
    "set_number": 1, 
    "time": 1552147800, 
    "winning_alliance": ""
  }, 
  {
    "actual_time": null, 
    "alliances": {
      "blue": {
        "dq_team_keys": [], 
        "score": -1, 
        "surrogate_team_keys": [], 
        "team_keys": [
          "frc2424", 
          "frc932", 
          "frc5098"
        ]
      }, 
      "red": {
        "dq_team_keys": [], 
        "score": -1, 
        "surrogate_team_keys": [], 
        "team_keys": [
          "frc2398", 
          "frc1561", 
          "frc5578"
        ]
      }
    }, 
    "comp_level": "qm", 
    "event_key": "2019okok", 
    "key": "2019okok_qm78", 
    "match_number": 78, 
    "predicted_time": 1552152301, 
    "set_number": 1, 
    "time": 1552148220, 
    "winning_alliance": ""
  }, 
  {
    "actual_time": null, 
    "alliances": {
      "blue": {
        "dq_team_keys": [], 
        "score": -1, 
        "surrogate_team_keys": [], 
        "team_keys": [
          "frc6900", 
          "frc3612", 
          "frc2352"
        ]
      }, 
      "red": {
        "dq_team_keys": [], 
        "score": -1, 
        "surrogate_team_keys": [], 
        "team_keys": [
          "frc4523", 
          "frc6800", 
          "frc31"
        ]
      }
    }, 
    "comp_level": "qm", 
    "event_key": "2019okok", 
    "key": "2019okok_qm79", 
    "match_number": 79, 
    "predicted_time": 1552152721, 
    "set_number": 1, 
    "time": 1552148640, 
    "winning_alliance": ""
  }, 
  {
    "actual_time": 1552061988, 
    "alliances": {
      "blue": {
        "dq_team_keys": [], 
        "score": 28, 
        "surrogate_team_keys": [], 
        "team_keys": [
          "frc5730", 
          "frc2986", 
          "frc3612"
        ]
      }, 
      "red": {
        "dq_team_keys": [], 
        "score": 38, 
        "surrogate_team_keys": [], 
        "team_keys": [
          "frc4500", 
          "frc5578", 
          "frc662"
        ]
      }
    }, 
    "comp_level": "qm", 
    "event_key": "2019okok", 
    "key": "2019okok_qm8", 
    "match_number": 8, 
    "predicted_time": 1552061941, 
    "set_number": 1, 
    "time": 1552060980, 
    "winning_alliance": "red"
  }, 
  {
    "actual_time": null, 
    "alliances": {
      "blue": {
        "dq_team_keys": [], 
        "score": -1, 
        "surrogate_team_keys": [], 
        "team_keys": [
          "frc4522", 
          "frc5930", 
          "frc4005"
        ]
      }, 
      "red": {
        "dq_team_keys": [], 
        "score": -1, 
        "surrogate_team_keys": [], 
        "team_keys": [
          "frc2996", 
          "frc5730", 
          "frc2341"
        ]
      }
    }, 
    "comp_level": "qm", 
    "event_key": "2019okok", 
    "key": "2019okok_qm80", 
    "match_number": 80, 
    "predicted_time": 1552153141, 
    "set_number": 1, 
    "time": 1552149060, 
    "winning_alliance": ""
  }, 
  {
    "actual_time": null, 
    "alliances": {
      "blue": {
        "dq_team_keys": [], 
        "score": -1, 
        "surrogate_team_keys": [], 
        "team_keys": [
          "frc3465", 
          "frc3931", 
          "frc6464"
        ]
      }, 
      "red": {
        "dq_team_keys": [], 
        "score": -1, 
        "surrogate_team_keys": [], 
        "team_keys": [
          "frc2395", 
          "frc6809", 
          "frc2461"
        ]
      }
    }, 
    "comp_level": "qm", 
    "event_key": "2019okok", 
    "key": "2019okok_qm81", 
    "match_number": 81, 
    "predicted_time": 1552153561, 
    "set_number": 1, 
    "time": 1552149480, 
    "winning_alliance": ""
  }, 
  {
    "actual_time": null, 
    "alliances": {
      "blue": {
        "dq_team_keys": [], 
        "score": -1, 
        "surrogate_team_keys": [], 
        "team_keys": [
          "frc4418", 
          "frc6891", 
          "frc3152"
        ]
      }, 
      "red": {
        "dq_team_keys": [], 
        "score": -1, 
        "surrogate_team_keys": [], 
        "team_keys": [
          "frc5889", 
          "frc4293", 
          "frc7744"
        ]
      }
    }, 
    "comp_level": "qm", 
    "event_key": "2019okok", 
    "key": "2019okok_qm82", 
    "match_number": 82, 
    "predicted_time": 1552153981, 
    "set_number": 1, 
    "time": 1552149900, 
    "winning_alliance": ""
  }, 
  {
    "actual_time": null, 
    "alliances": {
      "blue": {
        "dq_team_keys": [], 
        "score": -1, 
        "surrogate_team_keys": [], 
        "team_keys": [
          "frc1209", 
          "frc4550", 
          "frc2333"
        ]
      }, 
      "red": {
        "dq_team_keys": [], 
        "score": -1, 
        "surrogate_team_keys": [], 
        "team_keys": [
          "frc2410", 
          "frc2723", 
          "frc3160"
        ]
      }
    }, 
    "comp_level": "qm", 
    "event_key": "2019okok", 
    "key": "2019okok_qm83", 
    "match_number": 83, 
    "predicted_time": 1552154401, 
    "set_number": 1, 
    "time": 1552150320, 
    "winning_alliance": ""
  }, 
  {
    "actual_time": null, 
    "alliances": {
      "blue": {
        "dq_team_keys": [], 
        "score": -1, 
        "surrogate_team_keys": [], 
        "team_keys": [
          "frc1410", 
          "frc2165", 
          "frc5578"
        ]
      }, 
      "red": {
        "dq_team_keys": [], 
        "score": -1, 
        "surrogate_team_keys": [], 
        "team_keys": [
          "frc2359", 
          "frc6900", 
          "frc4500"
        ]
      }
    }, 
    "comp_level": "qm", 
    "event_key": "2019okok", 
    "key": "2019okok_qm84", 
    "match_number": 84, 
    "predicted_time": 1552154821, 
    "set_number": 1, 
    "time": 1552150740, 
    "winning_alliance": ""
  }, 
  {
    "actual_time": null, 
    "alliances": {
      "blue": {
        "dq_team_keys": [], 
        "score": -1, 
        "surrogate_team_keys": [], 
        "team_keys": [
          "frc4005", 
          "frc3163", 
          "frc5098"
        ]
      }, 
      "red": {
        "dq_team_keys": [], 
        "score": -1, 
        "surrogate_team_keys": [], 
        "team_keys": [
          "frc2773", 
          "frc1750", 
          "frc2352"
        ]
      }
    }, 
    "comp_level": "qm", 
    "event_key": "2019okok", 
    "key": "2019okok_qm85", 
    "match_number": 85, 
    "predicted_time": 1552155241, 
    "set_number": 1, 
    "time": 1552151160, 
    "winning_alliance": ""
  }, 
  {
    "actual_time": null, 
    "alliances": {
      "blue": {
        "dq_team_keys": [], 
        "score": -1, 
        "surrogate_team_keys": [], 
        "team_keys": [
          "frc2398", 
          "frc31", 
          "frc5730"
        ]
      }, 
      "red": {
        "dq_team_keys": [], 
        "score": -1, 
        "surrogate_team_keys": [], 
        "team_keys": [
          "frc2395", 
          "frc2765", 
          "frc4959"
        ]
      }
    }, 
    "comp_level": "qm", 
    "event_key": "2019okok", 
    "key": "2019okok_qm86", 
    "match_number": 86, 
    "predicted_time": 1552155661, 
    "set_number": 1, 
    "time": 1552151580, 
    "winning_alliance": ""
  }, 
  {
    "actual_time": null, 
    "alliances": {
      "blue": {
        "dq_team_keys": [], 
        "score": -1, 
        "surrogate_team_keys": [], 
        "team_keys": [
          "frc2996", 
          "frc4523", 
          "frc5889"
        ]
      }, 
      "red": {
        "dq_team_keys": [], 
        "score": -1, 
        "surrogate_team_keys": [], 
        "team_keys": [
          "frc5550", 
          "frc7473", 
          "frc6464"
        ]
      }
    }, 
    "comp_level": "qm", 
    "event_key": "2019okok", 
    "key": "2019okok_qm87", 
    "match_number": 87, 
    "predicted_time": 1552156081, 
    "set_number": 1, 
    "time": 1552152000, 
    "winning_alliance": ""
  }, 
  {
    "actual_time": null, 
    "alliances": {
      "blue": {
        "dq_team_keys": [], 
        "score": -1, 
        "surrogate_team_keys": [], 
        "team_keys": [
          "frc2723", 
          "frc3507", 
          "frc3931"
        ]
      }, 
      "red": {
        "dq_team_keys": [], 
        "score": -1, 
        "surrogate_team_keys": [], 
        "team_keys": [
          "frc4499", 
          "frc4293", 
          "frc3612"
        ]
      }
    }, 
    "comp_level": "qm", 
    "event_key": "2019okok", 
    "key": "2019okok_qm88", 
    "match_number": 88, 
    "predicted_time": 1552156501, 
    "set_number": 1, 
    "time": 1552152420, 
    "winning_alliance": ""
  }, 
  {
    "actual_time": null, 
    "alliances": {
      "blue": {
        "dq_team_keys": [], 
        "score": -1, 
        "surrogate_team_keys": [], 
        "team_keys": [
          "frc1561", 
          "frc3457", 
          "frc6891"
        ]
      }, 
      "red": {
        "dq_team_keys": [], 
        "score": -1, 
        "surrogate_team_keys": [], 
        "team_keys": [
          "frc4522", 
          "frc1209", 
          "frc3465"
        ]
      }
    }, 
    "comp_level": "qm", 
    "event_key": "2019okok", 
    "key": "2019okok_qm89", 
    "match_number": 89, 
    "predicted_time": 1552156921, 
    "set_number": 1, 
    "time": 1552152840, 
    "winning_alliance": ""
  }, 
  {
    "actual_time": 1552062480, 
    "alliances": {
      "blue": {
        "dq_team_keys": [], 
        "score": 29, 
        "surrogate_team_keys": [], 
        "team_keys": [
          "frc932", 
          "frc7473", 
          "frc2352"
        ]
      }, 
      "red": {
        "dq_team_keys": [], 
        "score": 36, 
        "surrogate_team_keys": [], 
        "team_keys": [
          "frc3931", 
          "frc2410", 
          "frc3457"
        ]
      }
    }, 
    "comp_level": "qm", 
    "event_key": "2019okok", 
    "key": "2019okok_qm9", 
    "match_number": 9, 
    "predicted_time": 1552062500, 
    "set_number": 1, 
    "time": 1552061520, 
    "winning_alliance": "red"
  }, 
  {
    "actual_time": null, 
    "alliances": {
      "blue": {
        "dq_team_keys": [], 
        "score": -1, 
        "surrogate_team_keys": [], 
        "team_keys": [
          "frc2341", 
          "frc2373", 
          "frc2424"
        ]
      }, 
      "red": {
        "dq_team_keys": [], 
        "score": -1, 
        "surrogate_team_keys": [], 
        "team_keys": [
          "frc2354", 
          "frc3247", 
          "frc3152"
        ]
      }
    }, 
    "comp_level": "qm", 
    "event_key": "2019okok", 
    "key": "2019okok_qm90", 
    "match_number": 90, 
    "predicted_time": 1552157341, 
    "set_number": 1, 
    "time": 1552153260, 
    "winning_alliance": ""
  }, 
  {
    "actual_time": null, 
    "alliances": {
      "blue": {
        "dq_team_keys": [], 
        "score": -1, 
        "surrogate_team_keys": [], 
        "team_keys": [
          "frc6026", 
          "frc7464", 
          "frc2410"
        ]
      }, 
      "red": {
        "dq_team_keys": [], 
        "score": -1, 
        "surrogate_team_keys": [], 
        "team_keys": [
          "frc2795", 
          "frc4418", 
          "frc3179"
        ]
      }
    }, 
    "comp_level": "qm", 
    "event_key": "2019okok", 
    "key": "2019okok_qm91", 
    "match_number": 91, 
    "predicted_time": 1552157761, 
    "set_number": 1, 
    "time": 1552153680, 
    "winning_alliance": ""
  }, 
  {
    "actual_time": null, 
    "alliances": {
      "blue": {
        "dq_team_keys": [], 
        "score": -1, 
        "surrogate_team_keys": [], 
        "team_keys": [
          "frc6809", 
          "frc7744", 
          "frc5621"
        ]
      }, 
      "red": {
        "dq_team_keys": [], 
        "score": -1, 
        "surrogate_team_keys": [], 
        "team_keys": [
          "frc2986", 
          "frc1619", 
          "frc4550"
        ]
      }
    }, 
    "comp_level": "qm", 
    "event_key": "2019okok", 
    "key": "2019okok_qm92", 
    "match_number": 92, 
    "predicted_time": 1552158181, 
    "set_number": 1, 
    "time": 1552154100, 
    "winning_alliance": ""
  }, 
  {
    "actual_time": null, 
    "alliances": {
      "blue": {
        "dq_team_keys": [], 
        "score": -1, 
        "surrogate_team_keys": [], 
        "team_keys": [
          "frc2461", 
          "frc3593", 
          "frc932"
        ]
      }, 
      "red": {
        "dq_team_keys": [], 
        "score": -1, 
        "surrogate_team_keys": [], 
        "team_keys": [
          "frc662", 
          "frc5930", 
          "frc6800"
        ]
      }
    }, 
    "comp_level": "qm", 
    "event_key": "2019okok", 
    "key": "2019okok_qm93", 
    "match_number": 93, 
    "predicted_time": 1552158601, 
    "set_number": 1, 
    "time": 1552154520, 
    "winning_alliance": ""
  }
]