[{"Team #":"1619","Match #":1,"They Did Well":"Edit","They Struggled With":"Edit","They Cant Do":"Edit","What do they do in auto?":"Edit","Fouls":0,"Tech Fouls":0,"Outer Port":0,"Lower Port":0,"Control Panel":0},{"Team #":"1619","Match #":2,"They Did Well":"Bad","They Struggled With":"Bad","They Cant Do":"Ugly"},{"Team #":"3007","They Did Well":"lol","They Struggled With":"rpy"},{"Team #":"3007","Match #":4,"They Did Well":"lol","They Struggled With":"lol"},{"Team #":"3750"},{"Team #":"3750"},{"Team #":"4539"},{"Team #":"4539"},{"Team #":"2450"},{"Team #":"2450"},{"Team #":"2450"},{"Team #":"7048"},{"Team #":"5929"},{"Team #":"2239"},{"Team #":"4648"},{"Team #":"4536"},{"Team #":"5658"},{"Team #":"7578"},{"Team #":"8298"},{"Team #":"3130"},{"Team #":"2883"},{"Team #":"877"},{"Team #":"3299"},{"Team #":"7257"},{"Team #":"2847"},{"Team #":"5172"},{"Team #":"2977"},{"Team #":"5638"},{"Team #":"3300"},{"Team #":"5913"},{"Team #":"7257"},{"Team #":"5658"},{"Team #":"2500"},{"Team #":"3297"},{"Team #":"7048"},{"Team #":"4506"},{"Team #":"4539"},{"Team #":"4607"},{"Team #":"3300"},{"Team #":"3313"},{"Team #":"7578"},{"Team #":"3277"},{"Team #":"2129"},{"Team #":"5913"},{"Team #":"4648"},{"Team #":"5172"},{"Team #":"3300"},{"Team #":"4663"},{"Team #":"7028"},{"Team #":"2654"},{"Team #":"4198"},{"Team #":"4536"},{"Team #":"4506"},{"Team #":"3206"},{"Team #":"3298"},{"Team #":"2549"},{"Team #":"6175"},{"Team #":"2450"},{"Team #":"2977"},{"Team #":"3293"},{"Team #":"1619"},{"Team #":"3277"},{"Team #":"5653"},{"Team #":"3871"},{"Team #":"3750"},{"Team #":"876"},{"Team #":"7028"},{"Team #":"4360"},{"Team #":"3293"},{"Team #":"1792"},{"Team #":"7578"},{"Team #":"2129"},{"Team #":"3926"},{"Team #":"7677"},{"Team #":"3206"},{"Team #":"3007"},{"Team #":"8255"},{"Team #":"8255"},{"Team #":"2227"},{"Team #":"2847"},{"Team #":"8002"},{"Team #":"4663"},{"Team #":"8298"},{"Team #":"5172"},{"Team #":"2472"},{"Team #":"3082"},{"Team #":"8188"},{"Team #":"3042"},{"Team #":"7677"},{"Team #":"3277"},{"Team #":"3297"},{"Team #":"4539"},{"Team #":"3293"},{"Team #":"4607"},{"Team #":"4239"},{"Team #":"3042"},{"Team #":"5929"},{"Team #":"2472"},{"Team #":"3298"},{"Team #":"5653"},{"Team #":"8002"},{"Team #":"3082"},{"Team #":"3082"},{"Team #":"2450"},{"Team #":"2450"}]
